id,smoking
15000,0.032072109626049346
15001,0.08579265922162967
15002,0.04758408945381906
15003,0.66930870991875
15004,0.02401040366036607
15005,0.04990711663760191
15006,0.024186554394167715
15007,0.6909147947025284
15008,0.3810689960708782
15009,0.7181564476023714
15010,0.050256517681780064
15011,0.8456141394574258
15012,0.01999782138839869
15013,0.25887475771533286
15014,0.8443131794615875
15015,0.6323819394561615
15016,0.014495249678887632
15017,0.0792576479221021
15018,0.5953927728243384
15019,0.7891196082059085
15020,0.5406238543552706
15021,0.5676378835056474
15022,0.02248922211589413
15023,0.060044804843970935
15024,0.9006148441300514
15025,0.021216129288037393
15026,0.8693546478150367
15027,0.059201402433504254
15028,0.01942620222279913
15029,0.664806480695423
15030,0.4830903067472824
15031,0.9170670411168269
15032,0.018310919796486975
15033,0.5818730201711345
15034,0.6871414952367179
15035,0.7987233765695607
15036,0.027924931812683594
15037,0.3865005145911734
15038,0.038533171219968056
15039,0.2162067384816273
15040,0.7793769341433476
15041,0.09675889610793986
15042,0.3457383426226694
15043,0.7911376649544057
15044,0.5218552286392277
15045,0.012635021282753888
15046,0.19573687160803643
15047,0.43772351329671105
15048,0.598990621098348
15049,0.017280734728398306
15050,0.46287685334841117
15051,0.025527061312197345
15052,0.7263121777714369
15053,0.30971751949364174
15054,0.5684120273855555
15055,0.7313515716978476
15056,0.5192319310319361
15057,0.23572071287283378
15058,0.1250790188767214
15059,0.07177011460204107
15060,0.6855205316782579
15061,0.028120554464513458
15062,0.014216739470214984
15063,0.5398173838457695
15064,0.22288127434614863
15065,0.051103523469147975
15066,0.35514120098991653
15067,0.016344906522280832
15068,0.8471779564783696
15069,0.8025777200128924
15070,0.29165964983537834
15071,0.02592232815971215
15072,0.03463692996984136
15073,0.03263869636626396
15074,0.017094704806499775
15075,0.014649803172554526
15076,0.04769298133985234
15077,0.012697558970059789
15078,0.05638056241832706
15079,0.4114891209028447
15080,0.03373848652485762
15081,0.021977380096638948
15082,0.5532876033667032
15083,0.017438265810181732
15084,0.35301362139314907
15085,0.014315379543143556
15086,0.028751544708788494
15087,0.5426522647259623
15088,0.045504277233083895
15089,0.6144939236784193
15090,0.5356326172181469
15091,0.23108207936787153
15092,0.6309728036573213
15093,0.02747846829980266
15094,0.8521785714111014
15095,0.04179261621318421
15096,0.5720961086352025
15097,0.03874178341278515
15098,0.7002520758923219
15099,0.3031150648941727
15100,0.02930465678706995
15101,0.49198048169188036
15102,0.15510810426123975
15103,0.9258295055600295
15104,0.015489269946919229
15105,0.018357542818109574
15106,0.04625257436347069
15107,0.014776146841240853
15108,0.46988103469113085
15109,0.017674040350337348
15110,0.055713671618831166
15111,0.24535299976022462
15112,0.17459885413017812
15113,0.48709879749727064
15114,0.8763584296586617
15115,0.36576326095866935
15116,0.05920984511340443
15117,0.02108458265835644
15118,0.11651338233506858
15119,0.6854182465000696
15120,0.6780749469957892
15121,0.18430376218301542
15122,0.7720547666730325
15123,0.795870036601053
15124,0.7555983208121216
15125,0.41328012002020065
15126,0.015519971762105185
15127,0.5767769169006283
15128,0.7359843415068872
15129,0.08728851644894854
15130,0.6358667480057466
15131,0.021472068532903888
15132,0.01603551521131944
15133,0.6068084576439198
15134,0.7731410860861353
15135,0.19377062222815292
15136,0.012484656042040429
15137,0.8226406484407699
15138,0.03403062772521656
15139,0.2501959403709476
15140,0.042688315030124754
15141,0.19559540099588876
15142,0.022187488519426982
15143,0.03314621657179226
15144,0.7868129341033369
15145,0.6126605758143938
15146,0.025524624722616268
15147,0.04359051894735571
15148,0.20901576447422984
15149,0.6041710028373611
15150,0.015181164039410113
15151,0.6879340463531425
15152,0.7314831489518153
15153,0.06299474566857978
15154,0.3551306006744201
15155,0.472307256466003
15156,0.011976028119196031
15157,0.013410412478971559
15158,0.6024523887707769
15159,0.6008964394791177
15160,0.941943507096996
15161,0.02109225000097555
15162,0.04698740533813543
15163,0.4445560678892496
15164,0.02941798642022039
15165,0.04001162511726072
15166,0.4342567641656436
15167,0.036489135839892384
15168,0.02949340460477976
15169,0.5048630716417789
15170,0.7042708110988177
15171,0.011425758495248644
15172,0.2786537558309297
15173,0.02207375022561812
15174,0.0807409319361627
15175,0.052980988143723894
15176,0.020581356139916348
15177,0.2540114579543551
15178,0.8788164379188841
15179,0.9363170007907892
15180,0.019887369054904895
15181,0.6798276783610303
15182,0.625013245435856
15183,0.8004151106054905
15184,0.4418054935598477
15185,0.1950807061561281
15186,0.06271467387695397
15187,0.04696700975837804
15188,0.9254858633337638
15189,0.032371732212066955
15190,0.9025409444088649
15191,0.4770577526787643
15192,0.6465910412410406
15193,0.38076964696201615
15194,0.2756794370222056
15195,0.0185297797448525
15196,0.011869293834692162
15197,0.6806164098786539
15198,0.7860661416644168
15199,0.8708779544344584
15200,0.49178119866691106
15201,0.4610125144359167
15202,0.015938177837513848
15203,0.029475051617069935
15204,0.030032006088977898
15205,0.7682396013238164
15206,0.4393135520700682
15207,0.847107837950094
15208,0.8675405430885396
15209,0.6249643015215877
15210,0.46591499477250187
15211,0.5267153100762091
15212,0.02273397747115939
15213,0.44129417837919704
15214,0.22198129416713813
15215,0.014066287159459307
15216,0.014172720801242367
15217,0.012453084844428614
15218,0.9152096708381058
15219,0.046394126885441485
15220,0.03324808863098379
15221,0.4068596678866438
15222,0.8827152666653773
15223,0.031780599809533114
15224,0.014465713734891096
15225,0.01634380783334184
15226,0.023589664159550373
15227,0.03748237268087535
15228,0.7392487288848384
15229,0.7086747224012818
15230,0.18816369330996302
15231,0.05708835269822656
15232,0.6177664763289192
15233,0.5431159156524449
15234,0.0378737791950544
15235,0.3107906861713783
15236,0.03784534508584782
15237,0.3560236127530957
15238,0.6216603956872897
15239,0.8769251145155331
15240,0.12131530097992378
15241,0.058629447503392045
15242,0.4299710931269007
15243,0.018055349878451636
15244,0.015802348178125276
15245,0.6067472415860568
15246,0.05916987436543009
15247,0.0659424476497899
15248,0.025100533350964852
15249,0.05697906380842679
15250,0.03777562772342126
15251,0.8767043411826669
15252,0.19666235007084268
15253,0.8861590170260348
15254,0.2837103967496544
15255,0.0333597020332674
15256,0.9148488397679786
15257,0.5751749454683386
15258,0.0242097130640692
15259,0.8947211547634614
15260,0.856082135822561
15261,0.0218417651085815
15262,0.6546080820113106
15263,0.03320755198902217
15264,0.5721357237826924
15265,0.014105934992733498
15266,0.43730400068667713
15267,0.6551296028570432
15268,0.5326538790266363
15269,0.8109422587580017
15270,0.1799633644065522
15271,0.3752296286984182
15272,0.740657411740386
15273,0.5887184209923801
15274,0.6175955655255884
15275,0.08918192002443774
15276,0.011468970056162141
15277,0.21156422480257192
15278,0.4867203052378548
15279,0.014144281724388547
15280,0.37623182841311736
15281,0.2391170379117434
15282,0.014185497585633465
15283,0.27192979579150045
15284,0.5797359087117504
15285,0.4144987469350857
15286,0.7456680255825944
15287,0.9004550565841596
15288,0.05089677160065982
15289,0.5230977862761729
15290,0.014460906044896386
15291,0.015393929625881524
15292,0.6234942907930238
15293,0.01733478377113055
15294,0.7418923399646581
15295,0.014558373638770685
15296,0.9326511766043178
15297,0.8127408350173126
15298,0.022038674370817305
15299,0.750019006978818
15300,0.3447751633435341
15301,0.7114880945234292
15302,0.025800168353763277
15303,0.23040950767749097
15304,0.12200927386043472
15305,0.016104010236497237
15306,0.04268233191868423
15307,0.016846777021974894
15308,0.07540907983840862
15309,0.6393912942619567
15310,0.02253524145773007
15311,0.040391247257615094
15312,0.04820186440638611
15313,0.8829844962426974
15314,0.3964364975528327
15315,0.6602450071953745
15316,0.9155403614037664
15317,0.013724903485747104
15318,0.013965349139567968
15319,0.3655109788741216
15320,0.8625429120645407
15321,0.6053066797766052
15322,0.8884467273685023
15323,0.014978568810487347
15324,0.29588625395626617
15325,0.40063001363660683
15326,0.7055626520364092
15327,0.7083132387396733
15328,0.80512588042311
15329,0.017914276279866092
15330,0.8015536030995909
15331,0.5564057951614497
15332,0.20846618431629438
15333,0.021180909860868437
15334,0.011747713232798208
15335,0.015633458805319644
15336,0.026475613444570573
15337,0.7400070620183018
15338,0.8334960708025079
15339,0.5588498800913516
15340,0.8757650572218988
15341,0.3565163588649004
15342,0.07125130395904744
15343,0.38330843124412384
15344,0.5609568779866146
15345,0.015154994686488487
15346,0.28755163113274895
15347,0.4046246459518597
15348,0.1328281779778386
15349,0.345681914040225
15350,0.34662596639906
15351,0.7322291452459802
15352,0.2099365594110988
15353,0.01699192208944774
15354,0.01412671438449186
15355,0.02039118933185686
15356,0.5959851522324953
15357,0.7793571186008663
15358,0.7388664552468374
15359,0.01713200358340035
15360,0.7340760218517767
15361,0.012290143734678337
15362,0.609813450877956
15363,0.4789418519151239
15364,0.7132046906266901
15365,0.011696382874290524
15366,0.4952426278248848
15367,0.03588923801759928
15368,0.37901288342262224
15369,0.7788614240840319
15370,0.055584130622482616
15371,0.7859580538899178
15372,0.5790764882878467
15373,0.01615149827700628
15374,0.025573243420399967
15375,0.1302215706234802
15376,0.8649975235579975
15377,0.6878580367980668
15378,0.6321620355587934
15379,0.07920380145750212
15380,0.7919215198553564
15381,0.015374604986787397
15382,0.020309322169947238
15383,0.792393333738361
15384,0.08342367270615526
15385,0.7392533794001909
15386,0.01591313674114201
15387,0.6063102255202214
15388,0.03153787053944238
15389,0.2952971794919796
15390,0.014634468550619924
15391,0.8256321926447199
15392,0.4821863654681209
15393,0.21864677681059608
15394,0.1556969335908538
15395,0.012413992112655887
15396,0.4371752587340659
15397,0.030167097280078933
15398,0.014800038156883496
15399,0.02749849058985221
15400,0.44530351920950245
15401,0.020626493051325658
15402,0.02712378857987683
15403,0.8255526088876798
15404,0.01637262600737394
15405,0.8572651415051968
15406,0.7757636829565916
15407,0.8544674266246159
15408,0.3443963248272998
15409,0.49926256624274445
15410,0.9262480706899145
15411,0.0169731084556554
15412,0.6851283265531729
15413,0.598813660597603
15414,0.6961801305883121
15415,0.7923869461537938
15416,0.5328898505831919
15417,0.43487822754970246
15418,0.7579666228167485
15419,0.8090652290632837
15420,0.7879248371838371
15421,0.6667970783492616
15422,0.6802344764044538
15423,0.051424999713298114
15424,0.7437827105891098
15425,0.7534045864739206
15426,0.7477326432028452
15427,0.7008711415896692
15428,0.016613971688322973
15429,0.5512523661817877
15430,0.8425494360490647
15431,0.03956575941712098
15432,0.04997562162584078
15433,0.7230396865391102
15434,0.8190365554756113
15435,0.40000597670165966
15436,0.6355074727216304
15437,0.669442228236806
15438,0.8486252403195521
15439,0.8450030119300992
15440,0.025016240795622674
15441,0.6764203888829698
15442,0.8143381897561863
15443,0.3462570087569756
15444,0.7357818747406525
15445,0.2284471477232949
15446,0.02610632215789501
15447,0.8499332919393374
15448,0.6873296298375625
15449,0.16628022891642233
15450,0.014872326504779496
15451,0.763256896214187
15452,0.024427639865579876
15453,0.016576565370124082
15454,0.26436787136409845
15455,0.017952055299308455
15456,0.19068014335321495
15457,0.8667693772651498
15458,0.5565846049613565
15459,0.4850524840700732
15460,0.9164952234615932
15461,0.02061395125241878
15462,0.6277865380679487
15463,0.02012631532846003
15464,0.7241307674649186
15465,0.1287373246475545
15466,0.39750653001914804
15467,0.38884784690349466
15468,0.517004809513831
15469,0.019729028104593403
15470,0.01559513245266595
15471,0.6906947636329024
15472,0.18666962687912425
15473,0.0357138674550289
15474,0.5743118891595514
15475,0.018507202804351842
15476,0.012178944437482174
15477,0.9494806449560526
15478,0.031204258469791277
15479,0.6920145248894233
15480,0.7140806828880333
15481,0.688888586186185
15482,0.0413450963486736
15483,0.02537205813694497
15484,0.02037560474961335
15485,0.49453089528225547
15486,0.46126071998730256
15487,0.7105518153642064
15488,0.045033126133092787
15489,0.6262789086913918
15490,0.8058360623941966
15491,0.5213586478923251
15492,0.060794024920045556
15493,0.5530111931090461
15494,0.02123649161816547
15495,0.12457009035964411
15496,0.850616763765453
15497,0.6006516291490911
15498,0.7506652203861497
15499,0.5984400299345031
15500,0.015970358071909642
15501,0.014468069417881093
15502,0.02081450938573022
15503,0.08932756898136616
15504,0.2064176570145344
15505,0.31275088887130004
15506,0.027621683318214428
15507,0.6156303665160157
15508,0.015330537123216767
15509,0.2803602341422113
15510,0.2733375720174158
15511,0.014345823721454624
15512,0.8195304486427123
15513,0.03239403198563787
15514,0.16395613820011706
15515,0.5858000011950177
15516,0.6672089815186071
15517,0.7592638424637504
15518,0.5694988252350117
15519,0.5547745968033357
15520,0.8511070013251609
15521,0.537828769290132
15522,0.244591793077178
15523,0.07427893825969822
15524,0.6357232733500084
15525,0.0858451893807033
15526,0.04396669543759189
15527,0.15143983058087254
15528,0.23717472946088244
15529,0.7508109007716529
15530,0.04233650104054723
15531,0.6646875675808678
15532,0.02793753146722696
15533,0.01692634768346635
15534,0.030381351006469492
15535,0.03666958996101316
15536,0.8225535862676694
15537,0.7839779920071762
15538,0.39935115368734037
15539,0.03970952938116381
15540,0.016697891760380487
15541,0.2776112842766516
15542,0.8873637214791288
15543,0.015566262949858004
15544,0.6737663334803229
15545,0.8372733030078825
15546,0.028533235252780127
15547,0.029873622436293764
15548,0.36677138642096213
15549,0.7567433790315962
15550,0.6374377616053164
15551,0.07962508617577703
15552,0.015273842201711149
15553,0.015329174620265814
15554,0.6062445811045001
15555,0.8365199311924714
15556,0.6733621027573299
15557,0.014762917851620334
15558,0.2951052613298114
15559,0.7749971016597121
15560,0.7341666070312782
15561,0.016447316997710935
15562,0.36038554046584104
15563,0.7630150114580581
15564,0.6965161590664506
15565,0.01481245013317907
15566,0.01319092853935229
15567,0.05793560464941579
15568,0.8177568866606605
15569,0.08503575656882431
15570,0.6268035499659201
15571,0.016344875204076927
15572,0.013064861589538668
15573,0.8343817263288009
15574,0.13647288320740647
15575,0.011585298867559662
15576,0.8791776149314877
15577,0.021929063640478176
15578,0.03384790322168419
15579,0.6906180022137929
15580,0.4712836789153219
15581,0.03601701804403046
15582,0.7201247100342107
15583,0.8359143922415115
15584,0.644448036601297
15585,0.031059919105424903
15586,0.5274740969737148
15587,0.4853957272772567
15588,0.7669114612188579
15589,0.6635341640641961
15590,0.11692415849951886
15591,0.8376231689686968
15592,0.3093553650999587
15593,0.33767869458323074
15594,0.1974571569239736
15595,0.01414977237370091
15596,0.26410667332198895
15597,0.23921856191892957
15598,0.0335886051463876
15599,0.6412627470747346
15600,0.01587843698128648
15601,0.8671429078008985
15602,0.01583764041578631
15603,0.02964824408718969
15604,0.01673459425750888
15605,0.17757168536866566
15606,0.02237632371032433
15607,0.7642512544551748
15608,0.014006593448074893
15609,0.734347438850941
15610,0.294355202449016
15611,0.2460554944995787
15612,0.031227997171616804
15613,0.8362305856340878
15614,0.11089072101475442
15615,0.5226705815895639
15616,0.02589454793162101
15617,0.2633021315599632
15618,0.5344178820834194
15619,0.6584503413663122
15620,0.01438325113225429
15621,0.676691512070088
15622,0.01315529621428399
15623,0.7566157668785388
15624,0.6173059042893605
15625,0.3957780868020245
15626,0.6638678781672941
15627,0.031982705906598734
15628,0.8166235931390496
15629,0.8632040836364445
15630,0.8374297033865925
15631,0.16755787396731442
15632,0.8342274545749384
15633,0.7286193281361627
15634,0.01839577115731387
15635,0.053847278870237845
15636,0.011935658963126431
15637,0.2704215493484094
15638,0.41916680852872296
15639,0.6145715734739023
15640,0.026901175448908406
15641,0.7836997065021841
15642,0.019316401078375532
15643,0.659051566767053
15644,0.05954330326279351
15645,0.47689687417540905
15646,0.8525473232518809
15647,0.03803948404092334
15648,0.024229016567473963
15649,0.012052364217253511
15650,0.01788285258836017
15651,0.5910551472129292
15652,0.8418296186806579
15653,0.030821791320456617
15654,0.028351954828672164
15655,0.677175047042494
15656,0.030403876940258937
15657,0.03359753082100622
15658,0.012328318517843651
15659,0.5784709368256609
15660,0.6203413777492485
15661,0.24977027896300943
15662,0.7494741338437942
15663,0.6502326947091286
15664,0.021308232039972147
15665,0.024642501824735367
15666,0.7437252016257452
15667,0.8228115866278972
15668,0.015383522696522198
15669,0.05175509696862607
15670,0.05018532105698517
15671,0.9230773169621608
15672,0.7264886167547333
15673,0.6143051310607934
15674,0.5994030545465528
15675,0.031849850458822576
15676,0.0240850093694342
15677,0.5291969770244057
15678,0.026669545512524845
15679,0.8019365564901155
15680,0.6509731335101844
15681,0.809495383726591
15682,0.182533776503315
15683,0.4870947383662023
15684,0.018296853591527037
15685,0.0854801101300721
15686,0.4569600660043091
15687,0.762585945770308
15688,0.01141112384079821
15689,0.029514197925755162
15690,0.02192296914665639
15691,0.014320550085663027
15692,0.015668503130953703
15693,0.8162108796112677
15694,0.8337901150029641
15695,0.04254590452368522
15696,0.12191347278615784
15697,0.024102330937664083
15698,0.017509557891390817
15699,0.3639769290873406
15700,0.6782583166482107
15701,0.841691100195326
15702,0.2377524759912568
15703,0.8941722541265158
15704,0.027223764437304575
15705,0.013265252677576781
15706,0.020935294114384082
15707,0.4830753130400994
15708,0.037388080482472795
15709,0.7987230235754054
15710,0.6903819310150189
15711,0.013121008767780332
15712,0.5559741502499649
15713,0.7276598106728457
15714,0.45760727288855013
15715,0.42822807995834217
15716,0.023672503968942795
15717,0.5801301622058691
15718,0.014043332308410535
15719,0.029106647996983172
15720,0.014759483729087064
15721,0.08715592227147556
15722,0.7501125470098894
15723,0.021596314208715415
15724,0.024513338421191046
15725,0.025682935635282962
15726,0.013029991318644575
15727,0.8267090255356292
15728,0.5125165344049585
15729,0.8290092061608205
15730,0.7188288687311161
15731,0.44161246005981947
15732,0.36672941197741105
15733,0.7961574737468495
15734,0.015238707631968648
15735,0.014123274248228932
15736,0.318644782410107
15737,0.4313747425146766
15738,0.5131551974570703
15739,0.6589845458366832
15740,0.4013742548222013
15741,0.8220043876509272
15742,0.5246108491334196
15743,0.6705975939327302
15744,0.5734411139477337
15745,0.8755388936127405
15746,0.24287269149277624
15747,0.6348928147734471
15748,0.01982854698008838
15749,0.32548683435252385
15750,0.6261494213714736
15751,0.7970161996818065
15752,0.22723910504454126
15753,0.7127811971061948
15754,0.15189270710719577
15755,0.46904017068592074
15756,0.0470889062149922
15757,0.23892756037527943
15758,0.03880669310339884
15759,0.8192675765707703
15760,0.8309633138333481
15761,0.5187737519539407
15762,0.2608650150887948
15763,0.6344702620974242
15764,0.511525248722337
15765,0.8676147431354595
15766,0.01739036666605101
15767,0.6824888326167989
15768,0.6728929642273674
15769,0.6283098249949516
15770,0.037402582568287046
15771,0.7590769205282056
15772,0.013999161930156255
15773,0.4032071926806501
15774,0.5356225321835765
15775,0.8665674113786686
15776,0.7147671565799711
15777,0.7704248422255604
15778,0.01658581957200984
15779,0.554236172272662
15780,0.017254381005757574
15781,0.016681132201258365
15782,0.6943313570488862
15783,0.02311525394780996
15784,0.8949089437582066
15785,0.5691743843905447
15786,0.816314066616944
15787,0.8369543695151136
15788,0.29654396940249683
15789,0.869019042939088
15790,0.7490794088487269
15791,0.47305813567545674
15792,0.044804876696495355
15793,0.04643382219686403
15794,0.6245495328851176
15795,0.015073855343255022
15796,0.05167800577621566
15797,0.32276372670141973
15798,0.8542860737313651
15799,0.03790970164262607
15800,0.06358243277851788
15801,0.8625426615441852
15802,0.5174128400415008
15803,0.01473933592395031
15804,0.4675097632327487
15805,0.6271452396076832
15806,0.0145618956167859
15807,0.5761496311716174
15808,0.4141339108917252
15809,0.6202201488872331
15810,0.7339425558451845
15811,0.5159680272159006
15812,0.5269558451652845
15813,0.03635963121678706
15814,0.7918787831960503
15815,0.11684029676003665
15816,0.3064776708711369
15817,0.01290125377232538
15818,0.43174799023351773
15819,0.6442834266053205
15820,0.1406386342823039
15821,0.8446829062409221
15822,0.6668264243178722
15823,0.5426978936619089
15824,0.2810773458518862
15825,0.690901739745904
15826,0.5757969390922307
15827,0.012260342313127334
15828,0.022314598622886348
15829,0.7557875196776179
15830,0.013944160110752953
15831,0.2742941395063046
15832,0.3581740364500158
15833,0.8381647786324934
15834,0.714192335604885
15835,0.8154824451147826
15836,0.017115543803758015
15837,0.5168164225619651
15838,0.8875623232861879
15839,0.02775200175744214
15840,0.7716500068904216
15841,0.17751807613692705
15842,0.026503758151313266
15843,0.8558137763532424
15844,0.02547928085385239
15845,0.03723452089164108
15846,0.661157541423249
15847,0.5165754564389897
15848,0.05445230076949898
15849,0.04239720028629624
15850,0.020631654944779056
15851,0.01777143805795279
15852,0.05945960446526121
15853,0.8638512837856893
15854,0.8949533529252378
15855,0.7670018312758624
15856,0.4919976621638709
15857,0.022019947865222142
15858,0.7652036330971779
15859,0.8243661407498241
15860,0.01304321753608804
15861,0.7491834837222511
15862,0.8755737162269521
15863,0.27379516923671715
15864,0.025055840296686307
15865,0.01325445623778226
15866,0.7752128122885755
15867,0.02509573474539028
15868,0.8627042645638124
15869,0.6402421828403919
15870,0.5282888903262585
15871,0.6919899466495186
15872,0.612429942398038
15873,0.4842546558140435
15874,0.5198864836524594
15875,0.025241676230436133
15876,0.039349921099504935
15877,0.5558381485629247
15878,0.027205121476624416
15879,0.02858410745698375
15880,0.05706851922174835
15881,0.8193188484693456
15882,0.6740391247388134
15883,0.22312162755434262
15884,0.7270709137922894
15885,0.6299713947803536
15886,0.020458600212083827
15887,0.6503305516613986
15888,0.02821235443748878
15889,0.015334222270250934
15890,0.021571698862698822
15891,0.40203072452830413
15892,0.6660239410986317
15893,0.017746253047895802
15894,0.016572718342265935
15895,0.659002978657987
15896,0.08917862117089151
15897,0.01680310380673497
15898,0.023664353549251522
15899,0.629386728033338
15900,0.7063161174197897
15901,0.5459350674850897
15902,0.054581384089130075
15903,0.7141414126217217
15904,0.0907265300127166
15905,0.15506873000988616
15906,0.028475966041228692
15907,0.36968045559616625
15908,0.923561296623193
15909,0.7914727969287854
15910,0.01682451588272785
15911,0.05067101700170493
15912,0.017817732307082886
15913,0.3558705434168396
15914,0.5185378500999388
15915,0.4905065144969624
15916,0.013436126243992404
15917,0.07590581417858605
15918,0.6136932273737846
15919,0.8381565180957048
15920,0.7894662857281824
15921,0.6550386726584841
15922,0.020302670429142813
15923,0.021037481123242097
15924,0.024924909651895193
15925,0.04969155770514622
15926,0.8059490895091629
15927,0.4055891133518871
15928,0.017038839384429526
15929,0.02281394079873161
15930,0.2833903892910078
15931,0.6294712116109392
15932,0.38002116379629425
15933,0.5494477525785367
15934,0.01507918369096405
15935,0.0273428084394064
15936,0.8387333712594295
15937,0.17326674473467188
15938,0.7428755498909709
15939,0.787161724265351
15940,0.22213868932659028
15941,0.7477966031567831
15942,0.4681556449480831
15943,0.735719645906238
15944,0.34059955373199496
15945,0.03835062671737378
15946,0.7438466154302217
15947,0.7459793622379798
15948,0.02188787188453726
15949,0.022820286688221406
15950,0.015996972424271654
15951,0.46778386686748197
15952,0.3511790301026328
15953,0.3992022681957889
15954,0.3205248702553458
15955,0.06357664226003061
15956,0.6183582949860265
15957,0.019417862986023528
15958,0.02183333763963655
15959,0.6567637786728441
15960,0.47004825625471713
15961,0.7986179145341745
15962,0.2725516100712655
15963,0.7664071440806306
15964,0.8532698158019429
15965,0.49101537002355067
15966,0.8560433077890914
15967,0.01576476811210777
15968,0.6516567490736297
15969,0.023393934128190665
15970,0.01786720416476652
15971,0.33941533162895704
15972,0.02153841683784637
15973,0.6701438416608114
15974,0.012452238926888909
15975,0.019078168961822975
15976,0.7504280627147142
15977,0.7084895429299564
15978,0.8683974957241296
15979,0.8673367554699201
15980,0.5803824422228807
15981,0.035215039660914174
15982,0.49320980991060887
15983,0.8521917237154096
15984,0.4780763206146415
15985,0.01933220338645104
15986,0.055365351966229624
15987,0.45407515192198
15988,0.3695750586981166
15989,0.7708353381863818
15990,0.07256798743158302
15991,0.2342985309452966
15992,0.06446918054240666
15993,0.014496086022468558
15994,0.545559645508564
15995,0.03227982105315388
15996,0.04573851266161074
15997,0.6552302064691354
15998,0.0563015851823654
15999,0.01312446359385225
16000,0.631705249469535
16001,0.6775443546039209
16002,0.9538901643730212
16003,0.8607293517989189
16004,0.11796327961810972
16005,0.8349421921461446
16006,0.7888410929569188
16007,0.8333011425217078
16008,0.6152435021356394
16009,0.7776726099774296
16010,0.7236206852802396
16011,0.2504244939941396
16012,0.6964234304674438
16013,0.8874479869389106
16014,0.02182915015519439
16015,0.05911915150838307
16016,0.5806616088186983
16017,0.03620698397771369
16018,0.3697892163216484
16019,0.04883502920805937
16020,0.030862167158903005
16021,0.5490327444958144
16022,0.8065899783406741
16023,0.2613227570046626
16024,0.019201720792977307
16025,0.05418910746412922
16026,0.6787122410264955
16027,0.05411173914197044
16028,0.7165543915903004
16029,0.8229152970258
16030,0.030915887253305907
16031,0.30311934604746654
16032,0.16138921745731946
16033,0.8139835125089333
16034,0.030469312868218572
16035,0.7468673172031941
16036,0.02965080328458038
16037,0.29594578555472806
16038,0.7400570808653276
16039,0.4775670126119349
16040,0.05654678497698398
16041,0.012143107189409981
16042,0.07491260637894631
16043,0.014563429903978358
16044,0.5544653734646864
16045,0.7127297118593078
16046,0.4011428446819303
16047,0.8402698822126674
16048,0.3915136413643768
16049,0.02807360396316097
16050,0.023585549928402293
16051,0.6831292171167456
16052,0.033302180933157635
16053,0.031546243097573715
16054,0.4546813847930036
16055,0.8400053995977561
16056,0.5757884999434065
16057,0.10633021291545848
16058,0.8300586996820457
16059,0.7048919050776291
16060,0.8870320579369885
16061,0.015895794841458845
16062,0.04996188655293709
16063,0.6463259081609098
16064,0.5965268367062538
16065,0.38219167552629224
16066,0.022298749569156184
16067,0.42555275481009636
16068,0.6158344196005788
16069,0.8197721764570532
16070,0.8075398681241878
16071,0.5567129459514716
16072,0.018553643729121865
16073,0.5234354845194567
16074,0.372812564178333
16075,0.022650410569527466
16076,0.015371356356420287
16077,0.6239252620216869
16078,0.5866641418075649
16079,0.690049650952867
16080,0.7032495235920646
16081,0.02413022733781031
16082,0.026051431113033895
16083,0.020350944574207122
16084,0.7806902013721958
16085,0.9881844292158896
16086,0.018310984660806287
16087,0.476235341541236
16088,0.49724489683595374
16089,0.28048141679589605
16090,0.5712287128602896
16091,0.27877866485062114
16092,0.6109110937539907
16093,0.7428727468598688
16094,0.35139583841789684
16095,0.16559538986911101
16096,0.7159032291794106
16097,0.8117873303481593
16098,0.03973170188174459
16099,0.6444438282389798
16100,0.016495936249911403
16101,0.859659285213664
16102,0.42470584067605727
16103,0.031009468489757552
16104,0.22293608612490196
16105,0.8252379586834153
16106,0.4113336183766335
16107,0.013736477366302527
16108,0.6335676856611687
16109,0.5533826737209881
16110,0.6354552115049338
16111,0.4342585779029404
16112,0.20935580252520167
16113,0.07484590138091843
16114,0.01271311890906052
16115,0.010957406145949427
16116,0.01329851898050971
16117,0.035848948899115766
16118,0.08573921607802228
16119,0.7899721344345465
16120,0.3562669109305513
16121,0.015888514597694338
16122,0.019782915638436878
16123,0.8692522184188676
16124,0.27047340770810796
16125,0.37840046243488973
16126,0.019185635784929742
16127,0.7218331771064497
16128,0.03271167167727934
16129,0.4605504024893687
16130,0.577845573536207
16131,0.786061405706564
16132,0.19292334314218945
16133,0.19873610436711836
16134,0.7772686474377559
16135,0.7544957242188935
16136,0.08928609535910843
16137,0.058802262445678634
16138,0.5511980607167869
16139,0.01648899796614107
16140,0.0162740550260868
16141,0.5674235905329056
16142,0.010345417479485676
16143,0.4118497025862217
16144,0.05747915194220183
16145,0.012148051475905867
16146,0.6110661277323453
16147,0.7494273997347902
16148,0.01768616684184318
16149,0.49391163300736723
16150,0.015480459137857687
16151,0.5738015933791549
16152,0.03374523139809645
16153,0.40711704463677584
16154,0.01431685534992056
16155,0.06408047176265298
16156,0.5006327286434265
16157,0.46972686296537747
16158,0.600480829590499
16159,0.8183617076503932
16160,0.01988734757408302
16161,0.6467612281954873
16162,0.023666807901698575
16163,0.0468748480119813
16164,0.02503849051907261
16165,0.012177774075563755
16166,0.6187567837431028
16167,0.025251539429544223
16168,0.4315223939073398
16169,0.4704271201892232
16170,0.3730921973849076
16171,0.6512947369749139
16172,0.030337804519279418
16173,0.7390983180434372
16174,0.30149649865919365
16175,0.8479099457411443
16176,0.5359127898044073
16177,0.03261491318942918
16178,0.8052891319739649
16179,0.9529551243791227
16180,0.5987060126176544
16181,0.7060037125374105
16182,0.028847938019881503
16183,0.723996540397454
16184,0.6019506098550382
16185,0.021470106065994077
16186,0.01568784596477909
16187,0.011832122569385685
16188,0.3524429336270909
16189,0.7234918353330304
16190,0.01331246104274681
16191,0.8434635459655443
16192,0.02221359331583753
16193,0.05158317683683483
16194,0.5286107033121199
16195,0.029174950890353
16196,0.8101875388296048
16197,0.4669908835835724
16198,0.8710927668715329
16199,0.01704479286161864
16200,0.013827345484418146
16201,0.014532779565876773
16202,0.035042100898421184
16203,0.803106137658951
16204,0.06481474553491391
16205,0.15404406982673005
16206,0.8322463474075681
16207,0.7340975225864201
16208,0.9352611333537713
16209,0.4126828237841466
16210,0.6275536089710418
16211,0.8643706719499122
16212,0.38792420723241205
16213,0.019276104165187605
16214,0.763583830388004
16215,0.018328473310467747
16216,0.5292151454592441
16217,0.6371652867216572
16218,0.8022255370041838
16219,0.7050289496066189
16220,0.3392886436967425
16221,0.486982530000418
16222,0.36185237728545167
16223,0.02421208427220137
16224,0.18728984411144856
16225,0.5172745248310036
16226,0.019353829769756553
16227,0.01253114869525311
16228,0.18575956115637
16229,0.6502079209776327
16230,0.06076419399347523
16231,0.04898849926814107
16232,0.6887979437881786
16233,0.024826497473670855
16234,0.22663399956967384
16235,0.16812458097241276
16236,0.026766474472620587
16237,0.561340232825576
16238,0.014704218189184
16239,0.5140894645062054
16240,0.18120016926679458
16241,0.7326990248130618
16242,0.5675227698010616
16243,0.46216758810425873
16244,0.7419577980829724
16245,0.7660535683007289
16246,0.012107446303121478
16247,0.03637806567238595
16248,0.5417140001021719
16249,0.8609200102102536
16250,0.6047001196372166
16251,0.07082777266411064
16252,0.7029629528098753
16253,0.07587000996569469
16254,0.29120148494804715
16255,0.6783479192120996
16256,0.06430530688200095
16257,0.05892427260502755
16258,0.6761462446095641
16259,0.027901336339911004
16260,0.6770020818932958
16261,0.17209577502450069
16262,0.764334820347305
16263,0.024047704004777067
16264,0.01899058539792379
16265,0.7129218754252329
16266,0.07610245251335206
16267,0.44884780184494466
16268,0.012055291794613142
16269,0.5320558641745066
16270,0.691182254952708
16271,0.04138371712271526
16272,0.4970547517134347
16273,0.5753655846468813
16274,0.25836671099641617
16275,0.48508526825366866
16276,0.04733458434380918
16277,0.03207691178626155
16278,0.46736382976387253
16279,0.7561608559145361
16280,0.01811553755703207
16281,0.40574389423946805
16282,0.7136127967041523
16283,0.3058117726609209
16284,0.8365069463098221
16285,0.016260532589050424
16286,0.6993525850254612
16287,0.7345741908929725
16288,0.32464249848194204
16289,0.012652043654465765
16290,0.021201259095479427
16291,0.01569819624576589
16292,0.13716939936014846
16293,0.8806890688370219
16294,0.3296349966266955
16295,0.804376519641753
16296,0.05007177958027986
16297,0.7235648017179016
16298,0.0183093092257231
16299,0.043850723008292555
16300,0.021051521021224467
16301,0.689562489345868
16302,0.017091500314917848
16303,0.02851121042299473
16304,0.6393994475151723
16305,0.11425656896243032
16306,0.013165250695841839
16307,0.03217525515245302
16308,0.026051247060575083
16309,0.7187157483383364
16310,0.019963599048862798
16311,0.7080825577573305
16312,0.04436793996252603
16313,0.026292364594433185
16314,0.6068754316519547
16315,0.2720818957405479
16316,0.7355688897916874
16317,0.016661244470950486
16318,0.6085159402293272
16319,0.20891861590641223
16320,0.014340559222306346
16321,0.011244608442921055
16322,0.7824669761087595
16323,0.040153851532302415
16324,0.19302307265134783
16325,0.026191234477503218
16326,0.33613195695083264
16327,0.5480454790409774
16328,0.6331537975253371
16329,0.6535894298942103
16330,0.32717787053410113
16331,0.28315314813725817
16332,0.4902875835396653
16333,0.020030870740310236
16334,0.7052529928945114
16335,0.02404861112479172
16336,0.04118118128654235
16337,0.015554318322793189
16338,0.22415958139843856
16339,0.6391085155807177
16340,0.381231961417667
16341,0.06767856143011466
16342,0.20153236289106483
16343,0.01363495801221756
16344,0.017479676754339077
16345,0.49029467392978027
16346,0.014748933022674096
16347,0.1398211922444245
16348,0.02376088877308386
16349,0.013874136966200845
16350,0.012671147004740427
16351,0.021605437246151896
16352,0.01747704574056976
16353,0.7218923614990463
16354,0.012694405589231362
16355,0.0357989911681803
16356,0.5344866821448975
16357,0.8203459422380304
16358,0.013124026793002223
16359,0.01685881897772171
16360,0.2668944220629994
16361,0.8240208949814957
16362,0.44705304075672947
16363,0.6681682919931198
16364,0.3102210776278068
16365,0.018061554417013785
16366,0.01281322185727045
16367,0.026196132526297693
16368,0.029735570684771805
16369,0.8220685845196507
16370,0.26000674550510516
16371,0.013539252712605336
16372,0.03512273472591027
16373,0.8382516481343584
16374,0.047841478835584525
16375,0.04136777925117361
16376,0.91704340791748
16377,0.013534444928878345
16378,0.028843264833545164
16379,0.07709394071852621
16380,0.01242352927345865
16381,0.7506743647552024
16382,0.3022821817274018
16383,0.04412673383471894
16384,0.32082702421292797
16385,0.0308230513396461
16386,0.03174664651209692
16387,0.195428070491931
16388,0.667568167776437
16389,0.14414406876575034
16390,0.8521938951952002
16391,0.14284474360931404
16392,0.014727461254933965
16393,0.8932994841518256
16394,0.43671367277500694
16395,0.05729912687844612
16396,0.4406993833264578
16397,0.15643478164311708
16398,0.025497707137313298
16399,0.5783380489845357
16400,0.0291933083769335
16401,0.8367338083933811
16402,0.027022840135720858
16403,0.42767481033986987
16404,0.011610280699982644
16405,0.6544477424527377
16406,0.5752406774819028
16407,0.02470781773664433
16408,0.014431037580066966
16409,0.6090712827873894
16410,0.33557563980472066
16411,0.02445076949108179
16412,0.07546465026653335
16413,0.8082295083098293
16414,0.6427608179153842
16415,0.06181171578790932
16416,0.3926592703412886
16417,0.48932198365464286
16418,0.20129460953541456
16419,0.1732291396899706
16420,0.5467012563283743
16421,0.643932461647259
16422,0.6987600343139659
16423,0.6576649135307542
16424,0.38590046993865673
16425,0.6272588238413871
16426,0.029351155209587754
16427,0.02820260155607715
16428,0.022178417474478403
16429,0.03890304553272031
16430,0.045905674805524516
16431,0.8784730114920383
16432,0.02072246328721777
16433,0.6372079911407574
16434,0.7825462498879424
16435,0.011651101978878916
16436,0.8462744357665001
16437,0.5206933994350641
16438,0.2898789774689329
16439,0.3650379508472012
16440,0.022279673669832092
16441,0.7278196261341408
16442,0.2369631748130944
16443,0.4756038257139871
16444,0.5130142167576401
16445,0.7062142705559034
16446,0.13179634427031417
16447,0.030160402947873984
16448,0.383124120647797
16449,0.8602918990104679
16450,0.020958949188339657
16451,0.018484005582221037
16452,0.026429494186577685
16453,0.2946041579306551
16454,0.7965139717488076
16455,0.012487723238397757
16456,0.235368259479683
16457,0.06125818667361108
16458,0.43058710301541564
16459,0.04435085306085479
16460,0.847966061443582
16461,0.4513236222122551
16462,0.014030182059447104
16463,0.6130540053920599
16464,0.8189021078136877
16465,0.03730355396433497
16466,0.8488976029876291
16467,0.016109627148210685
16468,0.6842268716754065
16469,0.03400855766713064
16470,0.6512282991603426
16471,0.016800045411706016
16472,0.7452411861078182
16473,0.19561338335369
16474,0.7415257790600152
16475,0.486616102053702
16476,0.5374821972175516
16477,0.03827728882420632
16478,0.9002141271911914
16479,0.04778897244038243
16480,0.24318811583048894
16481,0.017663912915260514
16482,0.02808965158386102
16483,0.033616720764078664
16484,0.35137219529817587
16485,0.4182725147479731
16486,0.8618943006376876
16487,0.3438208139395425
16488,0.6728815067650379
16489,0.1974393475327778
16490,0.6848185096943941
16491,0.017239617583777688
16492,0.28442916949369945
16493,0.019699163425021673
16494,0.24299054254840527
16495,0.013967504658315661
16496,0.4791478123737614
16497,0.7019265000424998
16498,0.560306854876067
16499,0.2471264707037128
16500,0.012504420122345181
16501,0.6308814076832588
16502,0.016023979875358845
16503,0.8164489234655871
16504,0.4700808289759534
16505,0.7925001777899299
16506,0.4501542319078414
16507,0.6500868240888699
16508,0.5901493760737714
16509,0.7018824252948411
16510,0.659322840276094
16511,0.03613910654061411
16512,0.6893420167351971
16513,0.021475732208751014
16514,0.117386882879257
16515,0.841089020277712
16516,0.414811807235505
16517,0.12326760164678331
16518,0.5999000084633334
16519,0.03696688433802652
16520,0.04237118621040577
16521,0.8904380638960709
16522,0.23543720591071812
16523,0.5628556540376117
16524,0.8212111656842316
16525,0.530468853994302
16526,0.6211204071800595
16527,0.024297741893389093
16528,0.8480646546396985
16529,0.015045380602373457
16530,0.5811651037855958
16531,0.03182610624759075
16532,0.6444742417465898
16533,0.8540047347697272
16534,0.6286940693394375
16535,0.3793420565432101
16536,0.7449371299763402
16537,0.433819914799543
16538,0.049449390756025606
16539,0.8440289961961671
16540,0.29410098127074735
16541,0.05101760805417217
16542,0.5295719716655117
16543,0.026899618641588303
16544,0.10833519376855687
16545,0.470480320734912
16546,0.3022018135755699
16547,0.47739187563282476
16548,0.2325032545524155
16549,0.25324745847344804
16550,0.7830418005763187
16551,0.4343616599631135
16552,0.32904583971842666
16553,0.7355276028254973
16554,0.01597995111261403
16555,0.8053651754774129
16556,0.7117862992208911
16557,0.6283206420664272
16558,0.8173144095958491
16559,0.8188729822176535
16560,0.5288515978040852
16561,0.02476950322964645
16562,0.786170403364952
16563,0.1199864503289626
16564,0.012738345151727871
16565,0.853064023037041
16566,0.7123899548221081
16567,0.4362628982390224
16568,0.040232009058662664
16569,0.8390021027470486
16570,0.01541273317923303
16571,0.6501483208128823
16572,0.7945884323062296
16573,0.01357736084280018
16574,0.03684535651036937
16575,0.025456344526872843
16576,0.2534815610483523
16577,0.024224385425730223
16578,0.1184005651799661
16579,0.7730873636689359
16580,0.05602414608441598
16581,0.613280455047374
16582,0.061289600947435206
16583,0.014881322669654903
16584,0.42194510208864244
16585,0.6379708423850092
16586,0.02505812025145517
16587,0.01775215657550814
16588,0.019304672702372766
16589,0.013717995195033144
16590,0.011915864009195304
16591,0.7368361820783327
16592,0.7401812043040737
16593,0.6762688363580942
16594,0.8759993353725769
16595,0.02407256876872805
16596,0.39040398016934885
16597,0.14123124184178928
16598,0.524919873929694
16599,0.7525664795990256
16600,0.02385735483544865
16601,0.5727491106519308
16602,0.8445173258471647
16603,0.6593669910534933
16604,0.6469006933319855
16605,0.6943178683883251
16606,0.10767292768847816
16607,0.413018982267378
16608,0.6536582034206425
16609,0.013894304817932256
16610,0.6185024101676151
16611,0.013193118850656745
16612,0.6680005385807178
16613,0.24121664542489424
16614,0.41776430651468016
16615,0.7248306472239798
16616,0.01685740370955677
16617,0.014062187084296478
16618,0.03278475732149009
16619,0.4027871139796511
16620,0.022351573749073716
16621,0.5220378200599158
16622,0.5763049787140261
16623,0.8942021461178642
16624,0.8460220759859316
16625,0.038972199612046066
16626,0.02696526744653721
16627,0.014272444047668833
16628,0.01937405350391831
16629,0.5617826309461055
16630,0.8701003276927104
16631,0.016254706553259706
16632,0.053126726177951784
16633,0.8540654647829833
16634,0.02205546416573842
16635,0.040683612939314225
16636,0.01740351255223147
16637,0.7615708633202016
16638,0.45794420723209744
16639,0.608043944924858
16640,0.01785510932801772
16641,0.8407193464073606
16642,0.6262850818815737
16643,0.01562640548773372
16644,0.012030653174365653
16645,0.7856981263655629
16646,0.01769529990672219
16647,0.24987765387277938
16648,0.027097092957863167
16649,0.8240408445634216
16650,0.034306112372753716
16651,0.6140547064578621
16652,0.2698268443492469
16653,0.263414074017929
16654,0.6757141439825194
16655,0.47665421145605097
16656,0.7165960081827056
16657,0.3783213740878589
16658,0.0733613734724872
16659,0.03739900276851694
16660,0.34442398484896425
16661,0.5730326454439143
16662,0.5165794614833209
16663,0.12360830811755404
16664,0.35306642706573876
16665,0.16017265232119704
16666,0.5408000421525171
16667,0.31195535197561086
16668,0.8645501634629006
16669,0.015321987748460247
16670,0.7245829074082595
16671,0.034297614848428096
16672,0.11626845207014637
16673,0.35151914290537084
16674,0.057629108220906285
16675,0.01311398456630128
16676,0.018966059115047052
16677,0.8538236967026187
16678,0.7150516353432979
16679,0.6608052068606143
16680,0.021201524968058435
16681,0.5909487489839286
16682,0.035498269640642226
16683,0.029821968197630524
16684,0.38601631106178425
16685,0.797721013855895
16686,0.03392503544052112
16687,0.8771995179029949
16688,0.47084818462983524
16689,0.5860661741883222
16690,0.030324766333772308
16691,0.019472737502384044
16692,0.06933468959266705
16693,0.01710581122153329
16694,0.26203633256442277
16695,0.016270094358810373
16696,0.7359245120812746
16697,0.015819937695684242
16698,0.032232428298804294
16699,0.7437361315494336
16700,0.7036467693081231
16701,0.6253179586299337
16702,0.8799221990793361
16703,0.5714042163238995
16704,0.3621018854105484
16705,0.1662373419987951
16706,0.6891027315144527
16707,0.015202316511627716
16708,0.5318104200483551
16709,0.8773018714109153
16710,0.6106972649960308
16711,0.7552684957688837
16712,0.41862006281840763
16713,0.8406185625305698
16714,0.698617812262457
16715,0.5247551406031994
16716,0.25674557493820177
16717,0.09363799167619317
16718,0.04107094704122353
16719,0.693473755683818
16720,0.653940433323727
16721,0.5454685610023803
16722,0.7417203326388182
16723,0.29139656857913704
16724,0.5516002239090201
16725,0.7729889301561569
16726,0.013989803250698022
16727,0.40974244958602263
16728,0.024268087054488
16729,0.35421555374227975
16730,0.7858594795772295
16731,0.46812198296843593
16732,0.015286873385575444
16733,0.06350576767961298
16734,0.6937382574053417
16735,0.035916954343188985
16736,0.027572439595920758
16737,0.6319074257259399
16738,0.20278969594553048
16739,0.45030200621414523
16740,0.012577344966979265
16741,0.5939581503468561
16742,0.13045017264263542
16743,0.8396388445493917
16744,0.6483028856839137
16745,0.7452928073097259
16746,0.9132711799103642
16747,0.0910680669869514
16748,0.1241339692228633
16749,0.746302775419448
16750,0.012302902752640725
16751,0.026152885828147347
16752,0.5910840363683456
16753,0.6248062319935745
16754,0.019408809728264684
16755,0.37160509922110324
16756,0.020233706733128087
16757,0.6610736417082534
16758,0.3987950180546424
16759,0.7884719333388983
16760,0.0166251644565344
16761,0.796742640013743
16762,0.17117776450633618
16763,0.048581252509274885
16764,0.47250498160095783
16765,0.7954342924472247
16766,0.014556717719422338
16767,0.27160747172744837
16768,0.01215821345680962
16769,0.645566781243759
16770,0.6810844358548468
16771,0.8205511882353933
16772,0.018078918956451553
16773,0.019500611084696563
16774,0.6690229692057892
16775,0.021112441389250104
16776,0.022656020450598214
16777,0.016915193946490208
16778,0.1710097007897833
16779,0.13341299036968612
16780,0.01868574031284342
16781,0.43105472996531713
16782,0.012248631553061124
16783,0.24260435425865634
16784,0.27949326061054197
16785,0.6253784868243719
16786,0.2500586225491223
16787,0.5813212719003942
16788,0.17938125890207213
16789,0.014452231577333679
16790,0.6009509416868639
16791,0.36480933866151577
16792,0.013826838821792638
16793,0.6764614233369681
16794,0.6896493987171294
16795,0.02605210821181688
16796,0.013745979118215583
16797,0.017737890960093827
16798,0.8344378372755908
16799,0.21480413834911122
16800,0.11951321393218746
16801,0.5778441199546002
16802,0.018216156692249845
16803,0.5602351250456791
16804,0.45762898970717314
16805,0.7673336070416655
16806,0.3051445868444451
16807,0.7196375997435076
16808,0.45249493413603675
16809,0.08587545399681294
16810,0.8731505910348678
16811,0.03263421636314231
16812,0.01668474561948425
16813,0.015874273151067896
16814,0.41156099820300507
16815,0.04538804311648218
16816,0.044396398308003814
16817,0.019707970279175722
16818,0.8405135227590848
16819,0.014036443141640502
16820,0.7700236157133166
16821,0.673522550884919
16822,0.3825840599955245
16823,0.5891039484703298
16824,0.8727453837407251
16825,0.02762162770355095
16826,0.04158500504074943
16827,0.014829358039801675
16828,0.013404170776072458
16829,0.6201510243764963
16830,0.579356770642616
16831,0.6364613020623237
16832,0.48497164725123176
16833,0.7468313509778982
16834,0.5589164305322565
16835,0.0249622373340035
16836,0.024031926926111502
16837,0.599739706602968
16838,0.5931303284339304
16839,0.31764658729256334
16840,0.013607012486556238
16841,0.6675321712414117
16842,0.02144824992292147
16843,0.3647788167878693
16844,0.4242260788187182
16845,0.1643528688279566
16846,0.7903699936005303
16847,0.044857640856352486
16848,0.45803731237744094
16849,0.6777985786665447
16850,0.4189453353576452
16851,0.016956845799641636
16852,0.842726637807847
16853,0.4976348293772452
16854,0.033368385970390727
16855,0.7233493586452047
16856,0.4684505102581671
16857,0.02887296303876836
16858,0.13529506541895053
16859,0.33364730928505365
16860,0.5835840832449508
16861,0.03961794812378971
16862,0.29300900991543183
16863,0.5561054434369135
16864,0.7151327282780194
16865,0.46796422811689364
16866,0.9294365168798592
16867,0.056598829634493364
16868,0.6975802458344582
16869,0.4315007157945669
16870,0.03308597905591913
16871,0.7300637062061137
16872,0.01433190985141551
16873,0.04933222589573081
16874,0.6109956792887933
16875,0.03134017979701847
16876,0.014047285167160079
16877,0.05802716637024393
16878,0.43641866203676055
16879,0.02028897340622938
16880,0.030980962041626973
16881,0.7943141819016085
16882,0.45417359219064835
16883,0.5473231368392354
16884,0.5203417576788391
16885,0.5498972825607803
16886,0.5535546244794498
16887,0.7148217374617951
16888,0.6462813434241291
16889,0.01906453345485649
16890,0.736459571904556
16891,0.014660315720401083
16892,0.6893784220656385
16893,0.014395832161175345
16894,0.486379865841584
16895,0.23470585892491197
16896,0.7519659144566884
16897,0.01545105012589868
16898,0.5721136824270406
16899,0.7541873307911606
16900,0.259743738752029
16901,0.1037743011773319
16902,0.4881883885234034
16903,0.7062354083089281
16904,0.4878441450302686
16905,0.025134887897816694
16906,0.2720835375469011
16907,0.016686235668666616
16908,0.6585189855565479
16909,0.5208739847303718
16910,0.910696677875896
16911,0.44726739220407047
16912,0.22764012324626268
16913,0.0152557164056133
16914,0.05558713664736404
16915,0.3403482352930998
16916,0.8842354226940212
16917,0.8452195889559692
16918,0.24887654789864389
16919,0.01475176130098778
16920,0.39437873702107157
16921,0.017957780152296234
16922,0.18072679085424656
16923,0.04435547769519555
16924,0.014783986201311976
16925,0.012866311305896801
16926,0.6230668465567899
16927,0.8539832139196578
16928,0.02101396272948663
16929,0.7218434194791893
16930,0.5801121141928308
16931,0.8797060352102598
16932,0.017734278519529204
16933,0.081410229766735
16934,0.8478287873116104
16935,0.6945908556277929
16936,0.016766974383796852
16937,0.49957905506170464
16938,0.015957495605308816
16939,0.7621308370724376
16940,0.8087162609961756
16941,0.0475012008483195
16942,0.6634492225079154
16943,0.6193389351564643
16944,0.8278312465555009
16945,0.8805444939907642
16946,0.08465753981633761
16947,0.01428707924595189
16948,0.508716337894998
16949,0.44417515852014466
16950,0.02260812251845801
16951,0.015926710279981996
16952,0.9029949624622738
16953,0.012995755991342095
16954,0.08299862686632255
16955,0.9192618730108186
16956,0.8631127191194745
16957,0.04084956566887539
16958,0.7849809918056259
16959,0.5266120248492221
16960,0.8173590595782236
16961,0.08391641628946275
16962,0.7871452743959094
16963,0.8491054414119746
16964,0.8136386407356129
16965,0.7715366325285672
16966,0.4031058681815851
16967,0.04424764412781783
16968,0.024839685475514718
16969,0.7684938988350085
16970,0.027292887528591804
16971,0.018429606843215103
16972,0.013204972577641411
16973,0.9243880910922295
16974,0.44557189146490994
16975,0.03556671570206426
16976,0.5316072997813651
16977,0.3846119266504531
16978,0.6675400716867189
16979,0.024672171023237526
16980,0.3780036768389576
16981,0.5741155221295174
16982,0.6587838931727323
16983,0.018767482628018733
16984,0.27328835390159834
16985,0.33973464779590506
16986,0.036552860276125664
16987,0.12178161489025195
16988,0.015769717442255794
16989,0.6519650606040356
16990,0.7737785356640707
16991,0.2950108650274941
16992,0.021074399574443334
16993,0.02182498666318154
16994,0.7672562622864393
16995,0.08522874737533803
16996,0.7820182366036645
16997,0.7112973277497845
16998,0.26681484069192146
16999,0.015179415646778984
17000,0.21616109207096365
17001,0.7173617883471962
17002,0.3230154458082328
17003,0.8135826753434081
17004,0.8534628628539523
17005,0.36925617623225476
17006,0.6148686544807093
17007,0.5636721691653852
17008,0.6061779479344533
17009,0.853849905850112
17010,0.0833091228823966
17011,0.031657464682482
17012,0.41783900314761985
17013,0.01905761691128132
17014,0.04723029200483915
17015,0.641656003450193
17016,0.690781667030944
17017,0.43927917917634346
17018,0.033592830136636595
17019,0.01174140115964191
17020,0.014866356126163308
17021,0.7278156641949641
17022,0.423382633937193
17023,0.013453084944191847
17024,0.8601953601907619
17025,0.26731812591256
17026,0.3780898125377328
17027,0.028194838435680207
17028,0.8268104030036261
17029,0.9297888411147651
17030,0.6930787035424845
17031,0.7070531323653625
17032,0.025016066101655982
17033,0.05087534253683948
17034,0.019504908736028805
17035,0.03704749165903935
17036,0.015812897445334522
17037,0.016451489041404664
17038,0.2708431233551514
17039,0.02351439964580655
17040,0.45070516558963913
17041,0.9026713221469208
17042,0.011755514128327042
17043,0.4111792352508638
17044,0.06789009414816817
17045,0.016380335880005266
17046,0.03551922047109848
17047,0.04023524773063116
17048,0.6350686079989648
17049,0.02826119420936016
17050,0.01650808354901195
17051,0.020599680819420443
17052,0.6761188351352713
17053,0.844429079740221
17054,0.027815037799822414
17055,0.3384101960723361
17056,0.5018906327202365
17057,0.0312229417162763
17058,0.697107521869269
17059,0.8338904378200219
17060,0.03978061877440116
17061,0.41504032407305547
17062,0.46841477299683426
17063,0.6005021188801783
17064,0.01578414458630883
17065,0.014329063334045431
17066,0.03364231321839527
17067,0.5383203481461813
17068,0.13378125901976162
17069,0.6443344394759125
17070,0.14476969944645507
17071,0.6846648017922473
17072,0.07188735570332733
17073,0.01887165601772207
17074,0.3375972085953546
17075,0.6337260817057738
17076,0.01416653407897335
17077,0.4264900496205738
17078,0.16124379926023902
17079,0.026692294962713643
17080,0.24762342736480578
17081,0.4039532020219456
17082,0.7407804329046725
17083,0.4018592159745884
17084,0.307877958541826
17085,0.6028311951828396
17086,0.034064563471971315
17087,0.20045607025969062
17088,0.8202797947848219
17089,0.010365805236880918
17090,0.7623084750400677
17091,0.025641028870480625
17092,0.8445369982093786
17093,0.23902492991384994
17094,0.5521695391460012
17095,0.5222277832892639
17096,0.7532532813604186
17097,0.42536450860151104
17098,0.36032674306742796
17099,0.01598442594607133
17100,0.015231666585665491
17101,0.030052144225635596
17102,0.6182287263694741
17103,0.9047782308157376
17104,0.6300404836804728
17105,0.01502541503870198
17106,0.023906776279209733
17107,0.4191269945140752
17108,0.8076236934913247
17109,0.03044821991753361
17110,0.8607011964545708
17111,0.7269373458467194
17112,0.5963381528466294
17113,0.44434434622021923
17114,0.7582563785850083
17115,0.7131305179764896
17116,0.3858603170172508
17117,0.1459690442106383
17118,0.06331261449409785
17119,0.7121801562635012
17120,0.25687658134116287
17121,0.30072097871798
17122,0.4405142566243517
17123,0.8445860802605206
17124,0.1681764399440451
17125,0.6876880789485478
17126,0.46614189756074714
17127,0.8064060357170214
17128,0.28213929234060264
17129,0.012939193548981745
17130,0.408038295635526
17131,0.7208883477072444
17132,0.7222340334328192
17133,0.38490083004744224
17134,0.6228568810837893
17135,0.6621662013912066
17136,0.48106517257466735
17137,0.8376259106655307
17138,0.01929298720545017
17139,0.02435636524764802
17140,0.029238214444189822
17141,0.45014985384809303
17142,0.290727837415593
17143,0.015574419171108862
17144,0.5241082133713933
17145,0.06407609560941692
17146,0.08741449841970897
17147,0.847420982250829
17148,0.26995045785918903
17149,0.3136467389265666
17150,0.49828730401293686
17151,0.30965828459766676
17152,0.04528861566562108
17153,0.519055699320372
17154,0.8570790317751646
17155,0.2483680543808651
17156,0.01862671459425454
17157,0.017966085351424327
17158,0.880445648095691
17159,0.4797840883736383
17160,0.5679658567860457
17161,0.06812241580906744
17162,0.2661221466799072
17163,0.01511114532805427
17164,0.27140190230250877
17165,0.011866185644593796
17166,0.8403793782687594
17167,0.8889615801126807
17168,0.768057745484163
17169,0.5238957933117685
17170,0.03354597043732366
17171,0.04794409190040122
17172,0.8026431860622107
17173,0.6085607378943565
17174,0.732283192475909
17175,0.0291174542781465
17176,0.5324838457451653
17177,0.6716483639292281
17178,0.055079195654840554
17179,0.0153843771599562
17180,0.6866670699861821
17181,0.8540275778016574
17182,0.04205945891624949
17183,0.5584233220732387
17184,0.023296163538229313
17185,0.05206509969697389
17186,0.027747121142930424
17187,0.019261436861782763
17188,0.5742903582589972
17189,0.024495155556536537
17190,0.02743137139308929
17191,0.2396169115476225
17192,0.028655008814060908
17193,0.7665865650405832
17194,0.7875080602790155
17195,0.022155247121525983
17196,0.030200436082041607
17197,0.022902795587743725
17198,0.034217548180930965
17199,0.541072481095442
17200,0.5812539320959917
17201,0.7012950259189132
17202,0.37237232112284147
17203,0.6683341036763427
17204,0.37632036558403387
17205,0.4755542264429941
17206,0.8968310634857405
17207,0.7964348875281466
17208,0.3731510923222912
17209,0.5025044104700372
17210,0.20134678985553187
17211,0.8285145605185813
17212,0.30770078553889735
17213,0.02553973987514909
17214,0.5686610040041238
17215,0.03466228536348892
17216,0.7344335742974193
17217,0.09332719692936653
17218,0.0691342062469541
17219,0.645453550836912
17220,0.442247092719133
17221,0.04157956426963677
17222,0.03965415183743615
17223,0.3226233018547398
17224,0.6446851996253629
17225,0.11202701010598827
17226,0.7007994607259941
17227,0.7396848256795924
17228,0.014524418355495065
17229,0.57243321747833
17230,0.8310417603116608
17231,0.6590348490729299
17232,0.09601378050316485
17233,0.9245671965968726
17234,0.2749079782738009
17235,0.7771111678077919
17236,0.012998927464999796
17237,0.01442866395819432
17238,0.3868233686374287
17239,0.5279677859220004
17240,0.020048958481612467
17241,0.045947346865789204
17242,0.7371847155393325
17243,0.6593342732023142
17244,0.057576186593612924
17245,0.8504964882041964
17246,0.025661614849785935
17247,0.05227690417484261
17248,0.8438509999110542
17249,0.26422474142518865
17250,0.7238212702649471
17251,0.02938693470114917
17252,0.28959278735625427
17253,0.8170134870382119
17254,0.017448534668760698
17255,0.017237805794647988
17256,0.6375841056414782
17257,0.016652354329531216
17258,0.567458611351951
17259,0.7658575630653165
17260,0.027083122009188138
17261,0.7656962910517516
17262,0.7059068400097593
17263,0.5874757506672303
17264,0.05723445817583489
17265,0.3830679710461008
17266,0.014058094100505975
17267,0.6965761575907865
17268,0.20159091435027454
17269,0.020944309016588412
17270,0.018624098206139472
17271,0.7256888306311633
17272,0.01574366600081399
17273,0.7398840868134708
17274,0.3909934510014033
17275,0.6298354069843142
17276,0.5661427662007311
17277,0.43001908826519053
17278,0.4674374536726155
17279,0.018810908644512625
17280,0.6421290331282647
17281,0.014725865691243376
17282,0.32157179020931126
17283,0.8472512524959712
17284,0.6343300123093066
17285,0.03408229215565895
17286,0.5772875339873608
17287,0.6251320172783973
17288,0.02368766007769697
17289,0.0603083505359465
17290,0.723436730188792
17291,0.5634081638576681
17292,0.43515314740891337
17293,0.01709655706803229
17294,0.5226950440477404
17295,0.297454620268009
17296,0.5006829898942349
17297,0.7004596339663566
17298,0.6561967561925389
17299,0.01522699563094303
17300,0.754589943083877
17301,0.8003323546913828
17302,0.032877750366735375
17303,0.7729228554042038
17304,0.04228583553463458
17305,0.5015084026324227
17306,0.5832160238424697
17307,0.013878688242272624
17308,0.3630885827371024
17309,0.4398267938331577
17310,0.05402831595921259
17311,0.7375342626886426
17312,0.789639350946059
17313,0.013230765461925895
17314,0.6547324315649573
17315,0.6096447177020009
17316,0.5623297797933738
17317,0.022992835355810745
17318,0.8566460573127344
17319,0.7042089732774652
17320,0.015579985745199906
17321,0.016470146698340255
17322,0.48547241137001335
17323,0.7479067808415286
17324,0.3622199649462373
17325,0.468465358389858
17326,0.024852865274136566
17327,0.5475703853054841
17328,0.734989806957452
17329,0.23042007232032471
17330,0.011449361533270917
17331,0.5687682016856841
17332,0.01454279548041715
17333,0.7743363925845156
17334,0.3295215747371506
17335,0.4044745926479946
17336,0.4290490534535656
17337,0.0224108571280645
17338,0.030606894278328335
17339,0.6001654641757245
17340,0.45066397376609174
17341,0.023412136481893976
17342,0.4195000708055084
17343,0.4931672844917449
17344,0.6413596693562726
17345,0.013679379057784153
17346,0.03013939365092329
17347,0.01670285175335548
17348,0.24231571514884243
17349,0.33012330135543544
17350,0.014825875276243648
17351,0.8426071893027475
17352,0.01887895634944423
17353,0.05791568734399967
17354,0.018011386589459288
17355,0.021114093861135705
17356,0.2561533416334986
17357,0.3388158621428055
17358,0.5755495596560989
17359,0.5385374561918786
17360,0.015823154978092592
17361,0.7509143801393471
17362,0.22580314999903928
17363,0.060677870537737
17364,0.41408768921997463
17365,0.4287477295170725
17366,0.050764619411333076
17367,0.7625769469869232
17368,0.10140478981815135
17369,0.011322490385309246
17370,0.7304082340283709
17371,0.031972618946265595
17372,0.6102172332584583
17373,0.4576148023205003
17374,0.019028926871225826
17375,0.19075189772118434
17376,0.2384605867713348
17377,0.9254621419286984
17378,0.021934125919097828
17379,0.013423764915002672
17380,0.8672304934047144
17381,0.5844795006278359
17382,0.035928168155962954
17383,0.5428042110334333
17384,0.19981316214464542
17385,0.8908254330073802
17386,0.027874031573779722
17387,0.7231385234167145
17388,0.014668312244541657
17389,0.37041776669675053
17390,0.0158754993202349
17391,0.8856305185718658
17392,0.8253118328797476
17393,0.01981601060680236
17394,0.014568035037315914
17395,0.4537803200182996
17396,0.7809623384234285
17397,0.8435620627563866
17398,0.7591973355568752
17399,0.015102180069309828
17400,0.2032602585076576
17401,0.18301052579723665
17402,0.040970733876163595
17403,0.01691410892819919
17404,0.028238170791960317
17405,0.018926744238049693
17406,0.43860461253802985
17407,0.015862535493893062
17408,0.013710643665569231
17409,0.17522723010558153
17410,0.7425217674142531
17411,0.017527455865913432
17412,0.7345273031594587
17413,0.2797860621776319
17414,0.04292977669078538
17415,0.01870405625811755
17416,0.024809990561760857
17417,0.45527323864684943
17418,0.014254101993625085
17419,0.6616362904672666
17420,0.7026538697620702
17421,0.1344028818806242
17422,0.7406802660816316
17423,0.5824821168136541
17424,0.018035365501615896
17425,0.6406063213821872
17426,0.024230366065242512
17427,0.026157172638213457
17428,0.8553661043788368
17429,0.46814367554097674
17430,0.4917341481220698
17431,0.011925934863339479
17432,0.060339903148414205
17433,0.013051034658413138
17434,0.796395164893417
17435,0.014897355527012822
17436,0.2392149095272224
17437,0.9303613624521756
17438,0.1449680393939598
17439,0.024657884218771513
17440,0.3408450094927302
17441,0.30475315887788745
17442,0.2928778717268997
17443,0.33959759817342977
17444,0.028255365520584014
17445,0.027133018229091314
17446,0.014325619632040898
17447,0.08139857018616939
17448,0.8647185752924207
17449,0.6984600459132346
17450,0.756962660573267
17451,0.0638897542807908
17452,0.5379652614110145
17453,0.7314120174617171
17454,0.26870988916228417
17455,0.9045167999428513
17456,0.0758433677645928
17457,0.0130017607081902
17458,0.9018948502069023
17459,0.8855569917011563
17460,0.9264476005265576
17461,0.5356987448271018
17462,0.5908084305418493
17463,0.4729330621274595
17464,0.6947691340382981
17465,0.45095952424281943
17466,0.03766174331368168
17467,0.025509216990996994
17468,0.507158604338832
17469,0.14567753536982778
17470,0.8383737034615752
17471,0.10330319627283781
17472,0.01710069714340878
17473,0.4329951095403262
17474,0.3538066723700536
17475,0.834474424498686
17476,0.015140954054837884
17477,0.7271529327878632
17478,0.2824812776632539
17479,0.022871913922885588
17480,0.012699780807038102
17481,0.17905295604408297
17482,0.013379143996648604
17483,0.5087365488794369
17484,0.6350697342900044
17485,0.22975344350380275
17486,0.6632483159512329
17487,0.5733956348032356
17488,0.8366420706707075
17489,0.5064314672047766
17490,0.21378910860874387
17491,0.014346696373369305
17492,0.01503608873952873
17493,0.8021259850562287
17494,0.6467227603765799
17495,0.6674991446635828
17496,0.013892528018745503
17497,0.5173594588469133
17498,0.5249752719940193
17499,0.7890027212696866
17500,0.016664903071621343
17501,0.015260194957337396
17502,0.03034321902762779
17503,0.30674219362281685
17504,0.8859282070439406
17505,0.2825748545886688
17506,0.013895253545246707
17507,0.8331526996839201
17508,0.2681950381664028
17509,0.0713478292993048
17510,0.6486734424877935
17511,0.04408607147352103
17512,0.701658824717641
17513,0.17772184724498402
17514,0.21473942895549494
17515,0.012938060368379802
17516,0.025760623559282367
17517,0.027307044323321292
17518,0.48179789117589933
17519,0.02274520616310279
17520,0.783914725412506
17521,0.3251045696602402
17522,0.6088863131957598
17523,0.5735874921781904
17524,0.022561204123145405
17525,0.1307990469903075
17526,0.7262180411385684
17527,0.7119214541546712
17528,0.03676459343607244
17529,0.4739499280974532
17530,0.3687497604314987
17531,0.9421600735558409
17532,0.2003338601735162
17533,0.763109434480439
17534,0.015544587761560948
17535,0.3504193787493163
17536,0.020511498954225778
17537,0.1927441346928894
17538,0.47765825563960973
17539,0.729898436939162
17540,0.853773715719966
17541,0.8263094814307894
17542,0.7886451237520109
17543,0.02209314737372873
17544,0.26623521655690385
17545,0.5430247533086583
17546,0.7201919872195159
17547,0.7197373586412757
17548,0.5972742155141195
17549,0.9422982574184157
17550,0.7889606260107448
17551,0.03621694039352908
17552,0.015516131222472855
17553,0.4032517068592437
17554,0.012439593216376565
17555,0.24846345481150378
17556,0.7624182926884695
17557,0.8295600886667894
17558,0.6214426972418885
17559,0.5129196974850286
17560,0.04664617419845223
17561,0.5587642660700088
17562,0.018004749940170296
17563,0.020367791367673208
17564,0.018239938858979222
17565,0.7372503934564413
17566,0.7459241585541823
17567,0.5171015056713836
17568,0.5370660495202909
17569,0.6930168844277224
17570,0.8833782652263976
17571,0.6595622956458532
17572,0.5864146323008065
17573,0.2673813367902441
17574,0.900134025702043
17575,0.7767139514756104
17576,0.3348995716045347
17577,0.5751452353056982
17578,0.029691837783588113
17579,0.35594607162503533
17580,0.6937841229329595
17581,0.8649781065710286
17582,0.8036666142708199
17583,0.614226197692796
17584,0.01896531135911515
17585,0.013166659635155887
17586,0.38364421122771797
17587,0.012388470294920552
17588,0.029487870895485897
17589,0.7445781404621146
17590,0.012944095019171056
17591,0.014702339218243338
17592,0.747078074593142
17593,0.10426447547803053
17594,0.01255047512504743
17595,0.025323461108023707
17596,0.019285405942410475
17597,0.5946894426204139
17598,0.01460848136564227
17599,0.6301696844049779
17600,0.05425299405796076
17601,0.6059276626689365
17602,0.02051192218304133
17603,0.8122440275464877
17604,0.7115657232346806
17605,0.8437110789803356
17606,0.36527504975594427
17607,0.6761845589432103
17608,0.7251697389243833
17609,0.7745960149565871
17610,0.5796178725888079
17611,0.050934982834872994
17612,0.7832839450537044
17613,0.061064492426553804
17614,0.8650466690678653
17615,0.8792738576058602
17616,0.041658160662581656
17617,0.05183443201064316
17618,0.6839339891974234
17619,0.015612955860740556
17620,0.3261307877223299
17621,0.016848968838294436
17622,0.07849588230526712
17623,0.17257303474125898
17624,0.6024799327898464
17625,0.022278187580062888
17626,0.020311824411141478
17627,0.02095068221052908
17628,0.2610579280810526
17629,0.8493420098937754
17630,0.0286221195518056
17631,0.6880941890486951
17632,0.01254619882684457
17633,0.01417324967467987
17634,0.01603409316147666
17635,0.8642062956986772
17636,0.01137197350041591
17637,0.016264722281393168
17638,0.01713117925736524
17639,0.7664820916763678
17640,0.7799389035728902
17641,0.8026548235895744
17642,0.015139189328091723
17643,0.5353318537944438
17644,0.0161393100359891
17645,0.8018281791624956
17646,0.04604993405391582
17647,0.03804498415609026
17648,0.8130985787025664
17649,0.6104270365988124
17650,0.025479030216617522
17651,0.6790838544286861
17652,0.1274858467486766
17653,0.7433640583553105
17654,0.47300785840744103
17655,0.410833132307348
17656,0.015534272822795002
17657,0.46679458840748633
17658,0.8900093196652586
17659,0.44763855543939407
17660,0.013032542151767626
17661,0.01740605112327959
17662,0.8095961578151637
17663,0.4664280201898333
17664,0.7369474392271308
17665,0.031174822306177245
17666,0.5446564765123085
17667,0.021093928778057464
17668,0.01925359619239779
17669,0.6798436956109425
17670,0.1382888319728807
17671,0.08326918022781259
17672,0.5162955946016053
17673,0.03595115006582212
17674,0.1954470911898766
17675,0.5520441324831261
17676,0.7744097948615202
17677,0.8479370912382097
17678,0.8639492418085297
17679,0.4802571865605901
17680,0.6775683517863934
17681,0.015517334754869126
17682,0.01640529082201891
17683,0.31636596701426645
17684,0.6698236694083766
17685,0.34721623886694214
17686,0.5877971121546318
17687,0.03445688087841151
17688,0.7203509780363405
17689,0.022661614533923506
17690,0.29935387259274093
17691,0.6833553623515037
17692,0.01652942120949469
17693,0.4761999306558256
17694,0.7496489323693828
17695,0.5787932892700518
17696,0.1125792905507796
17697,0.3173863144387801
17698,0.6222997547293879
17699,0.5952290103057817
17700,0.026342452639603386
17701,0.6604750205915683
17702,0.028125480439097694
17703,0.6745178503565947
17704,0.22873716798952304
17705,0.32360286146305406
17706,0.29030809566592003
17707,0.9188819556252399
17708,0.03796376665127195
17709,0.7580261826183934
17710,0.8374993760490983
17711,0.038430357266797964
17712,0.7875405570499433
17713,0.015923255816804815
17714,0.7216810351973191
17715,0.5846306574393124
17716,0.5540899291144306
17717,0.5889280673072215
17718,0.11446221108983168
17719,0.6574101838530831
17720,0.04108733480067606
17721,0.034479795275527234
17722,0.4705841725295325
17723,0.7009476861213829
17724,0.7206585058674854
17725,0.8853271955822466
17726,0.014554467867986393
17727,0.49253409062527387
17728,0.8499633868125954
17729,0.5943939802425449
17730,0.2866531894798423
17731,0.01731611706549257
17732,0.04070639156779966
17733,0.01350190628635174
17734,0.033859684664607446
17735,0.03389047556153921
17736,0.45892785779501133
17737,0.03272035288621918
17738,0.019729967948821137
17739,0.2343785924551879
17740,0.013166612611134713
17741,0.023052409537855725
17742,0.7848428422629502
17743,0.013754430163709877
17744,0.5425029823223562
17745,0.8068444996000157
17746,0.1758214333634751
17747,0.6382671032016245
17748,0.014865837297823052
17749,0.04121089577684767
17750,0.5735412750344678
17751,0.25770516144050143
17752,0.40891919112003944
17753,0.770529742674805
17754,0.029178463976230286
17755,0.018473216615949795
17756,0.07771401967775564
17757,0.02477012916882302
17758,0.5851412214741092
17759,0.7086626872638794
17760,0.9056541883451138
17761,0.02262474042305363
17762,0.5578586092020285
17763,0.017156669573886698
17764,0.7732216894888091
17765,0.04918342713861497
17766,0.018799191569092037
17767,0.7338435551768993
17768,0.5571820432423622
17769,0.03317155685169656
17770,0.020217303338696292
17771,0.8428232385126395
17772,0.3020205138446092
17773,0.019174754103038486
17774,0.012323098937631193
17775,0.016490287244031936
17776,0.01592062372035573
17777,0.015736384557753627
17778,0.5755836988710104
17779,0.39386055267887915
17780,0.021949105395275767
17781,0.6305093045792911
17782,0.014187704752241948
17783,0.6876089036224965
17784,0.5866273596786257
17785,0.5937511033998165
17786,0.48429831335830387
17787,0.3853293485197858
17788,0.022549492966130676
17789,0.013957076158959456
17790,0.7611497980017794
17791,0.15817680547201596
17792,0.03191570875530381
17793,0.4975439840925027
17794,0.06261087674822963
17795,0.7288827580036632
17796,0.018257065692884357
17797,0.3704319018749221
17798,0.37343319860429497
17799,0.12408029044115579
17800,0.014671795636517944
17801,0.01509868177879393
17802,0.01681132123947941
17803,0.1096615812790095
17804,0.6304930678064439
17805,0.018041587306474736
17806,0.4778869965653356
17807,0.17752514467843988
17808,0.5208103052159406
17809,0.015432584286362943
17810,0.012907673685039782
17811,0.015050203724692663
17812,0.5095335274342413
17813,0.021726414034773652
17814,0.013601390467602746
17815,0.011361561256810393
17816,0.3350940011821877
17817,0.37399366219482766
17818,0.01508206543775311
17819,0.03540469388470084
17820,0.7315319344000154
17821,0.016631558558109598
17822,0.730504492015194
17823,0.7771942076951692
17824,0.3301950093436697
17825,0.02250350166496692
17826,0.7885215821263691
17827,0.02478228061888659
17828,0.014640790309922548
17829,0.5624326651939777
17830,0.022088312283820234
17831,0.7803159060340104
17832,0.5993963251170049
17833,0.2755760873927069
17834,0.6530760447447397
17835,0.11258472423451986
17836,0.013260905126932516
17837,0.7563230232735756
17838,0.41812031505256225
17839,0.06286327528390145
17840,0.2788765687522073
17841,0.06037138323252312
17842,0.033241782680658895
17843,0.5759151608968196
17844,0.4937534880501504
17845,0.44686557958746376
17846,0.8249889545025569
17847,0.013409369917415346
17848,0.8288659092068943
17849,0.5422806288773111
17850,0.5927292763696467
17851,0.014767833949831994
17852,0.023482214674425947
17853,0.15382234718467502
17854,0.6392091907419117
17855,0.8404156727729394
17856,0.670533124067457
17857,0.2322017412956979
17858,0.05950011558176406
17859,0.6231190006201185
17860,0.491724476997453
17861,0.03660604732879447
17862,0.7147276562215645
17863,0.8128781855908404
17864,0.022708404733111854
17865,0.03238964342051834
17866,0.028117526362454705
17867,0.42973803401180966
17868,0.5374362392029706
17869,0.08087178075355098
17870,0.7321588287960354
17871,0.017114419751480803
17872,0.039500618296173726
17873,0.8082988110481812
17874,0.01075302360236979
17875,0.8101436423684996
17876,0.04743510103175923
17877,0.7997884531315878
17878,0.01898864486188547
17879,0.8447376911455232
17880,0.6442747987505384
17881,0.3755097035107712
17882,0.013660511964617117
17883,0.28497966731421537
17884,0.24771394899520957
17885,0.03620444655540931
17886,0.03346138958454215
17887,0.017878793162688575
17888,0.8046024414848272
17889,0.07849094407775441
17890,0.7944548339477477
17891,0.71829486590575
17892,0.08405459265908158
17893,0.8527865096874198
17894,0.6211822589126365
17895,0.9030279419532693
17896,0.37922825799616744
17897,0.020802639212108384
17898,0.01947006052122518
17899,0.48618642900401543
17900,0.02874649317490728
17901,0.8735318143503744
17902,0.49891418854226943
17903,0.029602509044640797
17904,0.014475146450003114
17905,0.015241314439422934
17906,0.6971688334418906
17907,0.7948508339765616
17908,0.6937815871435958
17909,0.6437617672330699
17910,0.2543756111422719
17911,0.8819758707243622
17912,0.014765224752209403
17913,0.013326700401598422
17914,0.40862688326578517
17915,0.02357133102399152
17916,0.4108636529013503
17917,0.01504506751529919
17918,0.9258359971539347
17919,0.7677432469066244
17920,0.40357862226041574
17921,0.04430177711656386
17922,0.15833896610012022
17923,0.015432837369766155
17924,0.028286744238384447
17925,0.709088973716424
17926,0.12202281397870206
17927,0.67403922241387
17928,0.7603742796014492
17929,0.0189750729082497
17930,0.8608400419295792
17931,0.8852774455461269
17932,0.6586717760956621
17933,0.7853665255920642
17934,0.012942728331254287
17935,0.8708454021327774
17936,0.38400494843775396
17937,0.4485280142304184
17938,0.4667208158035691
17939,0.693685178665556
17940,0.6914244517791576
17941,0.4320987165586494
17942,0.06548088085494293
17943,0.7583469001908758
17944,0.011645427605449628
17945,0.7082337748610327
17946,0.01496215821260356
17947,0.07453816077402035
17948,0.8824343997744434
17949,0.037394272791615384
17950,0.029746027196762507
17951,0.03211081170572408
17952,0.03200352880767622
17953,0.389756619967674
17954,0.11722221605443392
17955,0.12318473726161104
17956,0.017795222977719197
17957,0.023971838026927986
17958,0.012590006988596792
17959,0.6939655200190273
17960,0.01976820743938915
17961,0.5778087816665866
17962,0.10110765806472528
17963,0.8597898283441552
17964,0.5736256649184901
17965,0.019937437377270776
17966,0.4848747224144215
17967,0.8216480055608867
17968,0.6867892523623746
17969,0.2235284118666415
17970,0.8324183140437689
17971,0.7442317363445934
17972,0.012309693826581265
17973,0.9147071056408852
17974,0.01803743885650198
17975,0.04650763386456876
17976,0.12506206162452926
17977,0.3485394949003361
17978,0.303203235789437
17979,0.07643189036672215
17980,0.581275086192975
17981,0.8025893723148569
17982,0.011959887571206484
17983,0.46236899955768584
17984,0.016700874078585524
17985,0.42805023413855364
17986,0.7067574046852628
17987,0.2166365429121684
17988,0.7008541092611628
17989,0.01357465832828665
17990,0.7610263485585633
17991,0.6447490726218755
17992,0.7548162268147757
17993,0.054335306945724866
17994,0.025820090471489286
17995,0.05283345562613008
17996,0.6451745484482214
17997,0.4050293960828687
17998,0.4689759024297902
17999,0.024234885549423855
18000,0.5246329904339021
18001,0.6514321830590395
18002,0.026589154716029458
18003,0.056886014602388936
18004,0.441128450239979
18005,0.42354591178821893
18006,0.18876351613223233
18007,0.6871928237105442
18008,0.8920156580441971
18009,0.020793134035903035
18010,0.4505541768444706
18011,0.017632292698693843
18012,0.7482171453736232
18013,0.01742576613555788
18014,0.5439975836946772
18015,0.8383914593573945
18016,0.019623983509591294
18017,0.8259717894643794
18018,0.0639785854422229
18019,0.4081372140343056
18020,0.015199902078220574
18021,0.029764496792000737
18022,0.020259823623618146
18023,0.05166236910422387
18024,0.8511766559023278
18025,0.7612025401130943
18026,0.45662296500903005
18027,0.9020052664953232
18028,0.1173598331560088
18029,0.8414064902886921
18030,0.014216232520448945
18031,0.5471183629202209
18032,0.03504658604035222
18033,0.6961537848216147
18034,0.3507861566305835
18035,0.02314570748725683
18036,0.01524541415123661
18037,0.43811144878290526
18038,0.014182534693370245
18039,0.01208624799015929
18040,0.7832322104377866
18041,0.6091833866161918
18042,0.7772808149676147
18043,0.027218732781688192
18044,0.7213872028233413
18045,0.014841297387243841
18046,0.030544831806316494
18047,0.8389331984952962
18048,0.4882481997867971
18049,0.7472242558441742
18050,0.022954998785937136
18051,0.3817683133677208
18052,0.542297648788426
18053,0.5398085472791827
18054,0.7521506388498816
18055,0.48879633289750024
18056,0.017390750709173675
18057,0.7924636003695509
18058,0.7589710588372564
18059,0.896502525705766
18060,0.7207244004428788
18061,0.6256837360101217
18062,0.41190632526027854
18063,0.027914795429005015
18064,0.4892461256212873
18065,0.01796279088057783
18066,0.8297227013718185
18067,0.020006841848067464
18068,0.5694596331458344
18069,0.7778504758867827
18070,0.025940787419516925
18071,0.4219445089742221
18072,0.5721915923126123
18073,0.7343772800026961
18074,0.08673096190751392
18075,0.022453387117420318
18076,0.027405597107081056
18077,0.542883283045999
18078,0.5075440098909949
18079,0.418755469844675
18080,0.043586076911566934
18081,0.020330695819608263
18082,0.8190900724565897
18083,0.6048696715726305
18084,0.7052664218067607
18085,0.01612006997890398
18086,0.020570577669735527
18087,0.013986333976984023
18088,0.022374880000997868
18089,0.024981100862691362
18090,0.593409066863384
18091,0.02418092839724687
18092,0.6814893161786088
18093,0.08445780296029118
18094,0.45879700981905813
18095,0.07811195388025638
18096,0.31820236848821115
18097,0.8306306670348761
18098,0.7032238537648235
18099,0.18195504308754915
18100,0.6782555503675076
18101,0.7890067966153254
18102,0.034694162312794694
18103,0.013840398157916536
18104,0.29022286842719447
18105,0.4793428889741937
18106,0.8813103885682148
18107,0.3402771332161956
18108,0.017849339797623466
18109,0.5815338772451515
18110,0.17838841733965932
18111,0.5624522420952136
18112,0.5615248480866971
18113,0.03168502547369861
18114,0.2440499793577743
18115,0.8795928971444681
18116,0.6922861599113218
18117,0.8131157420746039
18118,0.44574972085141834
18119,0.700553460388936
18120,0.012224512185102801
18121,0.6502272520891984
18122,0.9212367289969698
18123,0.01205973128918454
18124,0.7026506654876167
18125,0.037336276867518614
18126,0.06374546121776768
18127,0.39825712627941257
18128,0.026575272837452667
18129,0.015430241237170976
18130,0.021100135049628727
18131,0.01802551597261314
18132,0.4360395717029948
18133,0.5691244933510873
18134,0.6686296961440579
18135,0.38327174325831626
18136,0.42947636105370435
18137,0.5643000817333904
18138,0.015785673390402658
18139,0.6030805389188519
18140,0.711763201584921
18141,0.025480299928322625
18142,0.03219549761613258
18143,0.01960642112723799
18144,0.7282124133990887
18145,0.9182567333894972
18146,0.7836325521718704
18147,0.05153712753893875
18148,0.48036494790629386
18149,0.015323647820910278
18150,0.5864984188391158
18151,0.47673251980663667
18152,0.7376249366554996
18153,0.020957629943913765
18154,0.290020821970223
18155,0.029285766665930524
18156,0.8798549752259833
18157,0.23945690036784914
18158,0.11888865581593654
18159,0.05508258981347539
18160,0.019913845582613422
18161,0.02118126572091133
18162,0.05715315958045505
18163,0.8492726489680008
18164,0.45459161121727926
18165,0.01130109800506598
18166,0.08533960433160422
18167,0.7068663016875617
18168,0.03522700315669344
18169,0.04329250166105088
18170,0.01665407244877603
18171,0.016931785974256597
18172,0.05269142871008291
18173,0.8708993268632639
18174,0.011534521058104957
18175,0.021014694952646438
18176,0.7776611995657681
18177,0.7743242869343181
18178,0.21473217697305888
18179,0.8678264188759509
18180,0.7249680647699193
18181,0.4100617809225243
18182,0.21642267793140596
18183,0.2648525706257389
18184,0.015566895501636906
18185,0.019902930227637172
18186,0.02764427704110912
18187,0.46480519436889495
18188,0.48558423627438524
18189,0.1959713063538062
18190,0.7005586383078842
18191,0.7285809133151576
18192,0.36326759230227973
18193,0.07091286040952466
18194,0.19048704254239324
18195,0.014251443250030438
18196,0.014162237374718412
18197,0.9123134303983333
18198,0.026278633533698074
18199,0.013055262848828386
18200,0.03939778379344917
18201,0.4215294087523804
18202,0.019907644991145033
18203,0.04586668031114057
18204,0.019599584583651224
18205,0.4927828813543364
18206,0.012643893977360387
18207,0.5397373385658766
18208,0.37596020370800337
18209,0.05813579990466719
18210,0.501862801417053
18211,0.7598090714404144
18212,0.052615676477251676
18213,0.06463442768567418
18214,0.011232963438789425
18215,0.42065645610864205
18216,0.6142661126500527
18217,0.6825033514909968
18218,0.7632349889107006
18219,0.07076755390553706
18220,0.4220848774043682
18221,0.03175355902559704
18222,0.027724965553676217
18223,0.2078117741859685
18224,0.7731284335912662
18225,0.012900000137743995
18226,0.07226327997910471
18227,0.020004719526953003
18228,0.014664413726338437
18229,0.15970997357450825
18230,0.07176652058543684
18231,0.06884852650573246
18232,0.6118585309610852
18233,0.015368032722930018
18234,0.7433810819431156
18235,0.048798662409611594
18236,0.05824495748506398
18237,0.011317177490685492
18238,0.5464381203091643
18239,0.49423364957099125
18240,0.025951537115251683
18241,0.13767328111619645
18242,0.9105713486500449
18243,0.19697445561472612
18244,0.7564962044789052
18245,0.06513919680280822
18246,0.7278025303474432
18247,0.7790999767113296
18248,0.706204437802708
18249,0.029663856314545357
18250,0.7782386750691063
18251,0.03514397621961629
18252,0.48978691475360936
18253,0.5024642296201824
18254,0.42631929056032813
18255,0.8088006445770894
18256,0.6094844715937879
18257,0.051160408332382876
18258,0.01678984829020295
18259,0.44874623030243765
18260,0.4489406929657418
18261,0.2816968348914525
18262,0.2698245168021328
18263,0.20672900402833616
18264,0.29298308084132474
18265,0.031364120831798056
18266,0.6511964349762771
18267,0.012296763558450325
18268,0.7433948123540951
18269,0.06338284258580351
18270,0.7311385733266569
18271,0.7580492435320038
18272,0.6501208859006359
18273,0.6277171897689823
18274,0.018204402171991433
18275,0.6182919684395995
18276,0.8798836283635757
18277,0.6924343166152226
18278,0.6974975406106448
18279,0.015254339286009777
18280,0.012249594150421551
18281,0.4376304729520259
18282,0.8216438742496089
18283,0.014721382551782127
18284,0.015869396344333268
18285,0.028751647571307118
18286,0.8090008867365399
18287,0.32418639097765967
18288,0.017878717896331983
18289,0.38025956871225136
18290,0.4486761145831399
18291,0.09962448269024005
18292,0.7693366261212209
18293,0.01616156147811713
18294,0.5519527680131366
18295,0.8475375030142753
18296,0.025063803205426734
18297,0.25282091280489544
18298,0.7286328313120805
18299,0.3568454854542467
18300,0.04163364729241145
18301,0.661139988413508
18302,0.6687301674573093
18303,0.7521036621210453
18304,0.710700678074539
18305,0.6091348612215273
18306,0.25126522834178533
18307,0.012336885208685913
18308,0.01667256781065507
18309,0.12735935631127548
18310,0.535456818601562
18311,0.29171601143469045
18312,0.5663484514992009
18313,0.7876392534473705
18314,0.2196708545265366
18315,0.2905066094295105
18316,0.37686703941024924
18317,0.031171433600844706
18318,0.5420309290290395
18319,0.4869788754493631
18320,0.03577041698244761
18321,0.0382612879178072
18322,0.20778717259643822
18323,0.4997139711569771
18324,0.7849522986109535
18325,0.015125959227448712
18326,0.7531075800948946
18327,0.03968929758859124
18328,0.020210838436714423
18329,0.03553699134678812
18330,0.5680924931634181
18331,0.5444555629218002
18332,0.015914425670738724
18333,0.46851711373079563
18334,0.4989445076253711
18335,0.7804817949761419
18336,0.04361291175804609
18337,0.0962369350486146
18338,0.41516758143219035
18339,0.38971878953272626
18340,0.5711818319316185
18341,0.4562219925493118
18342,0.03590150499226208
18343,0.4004411874781973
18344,0.014301115726010455
18345,0.017533947946877407
18346,0.43543102328164063
18347,0.026128252904874336
18348,0.7599829776102444
18349,0.22246383171098064
18350,0.1917911567016792
18351,0.30655985096658306
18352,0.015746049166528733
18353,0.024003189925730504
18354,0.894770226932965
18355,0.7811997387860453
18356,0.5420152530247285
18357,0.8766932591585506
18358,0.015196041219368038
18359,0.34748861683055543
18360,0.016435260591225263
18361,0.7842244341028896
18362,0.8416688491128157
18363,0.5260919714463906
18364,0.7255598499531404
18365,0.03805392357225052
18366,0.015392257701974894
18367,0.014906392033694935
18368,0.012449163968494836
18369,0.8632437602946306
18370,0.01634471688969502
18371,0.014944327428712637
18372,0.11245474677634096
18373,0.672306678668266
18374,0.43114333499974994
18375,0.8635243393586206
18376,0.3505792670728858
18377,0.7249185223770548
18378,0.8108993475564226
18379,0.5671515755507366
18380,0.726306878859535
18381,0.8545402778777124
18382,0.03061512526664103
18383,0.013676427987580541
18384,0.06633226832713064
18385,0.319425724768487
18386,0.03324603692083716
18387,0.7430321921132533
18388,0.8090422358279646
18389,0.09128213588600048
18390,0.32616545188255974
18391,0.12537841354200782
18392,0.02279663462019854
18393,0.6495045756089827
18394,0.7308536163054526
18395,0.42426263801900505
18396,0.1849874733503046
18397,0.5068122872026908
18398,0.04202703444887724
18399,0.02399216706646953
18400,0.9102693489332835
18401,0.6352074520688359
18402,0.3257033388187092
18403,0.5627430694271489
18404,0.020602475743880612
18405,0.16193911394866756
18406,0.014108797500742079
18407,0.5137988869631717
18408,0.7279835773406843
18409,0.017949880798098988
18410,0.748807335041573
18411,0.011364810617130265
18412,0.018208106332822827
18413,0.8673519954900379
18414,0.026072232422433228
18415,0.8937726046239011
18416,0.4663953261881931
18417,0.5915628571681518
18418,0.026299156860537232
18419,0.3449829148491229
18420,0.0394541801761683
18421,0.6421447115005049
18422,0.2792672960446387
18423,0.540379887351444
18424,0.5398199216146549
18425,0.5395464224823417
18426,0.6308715002822853
18427,0.23302730146187198
18428,0.38922797401918685
18429,0.7593426187541283
18430,0.8798967086347558
18431,0.011754516782194706
18432,0.25683624588091675
18433,0.6382314556306743
18434,0.8032003863705576
18435,0.012060258770719808
18436,0.022026650122240223
18437,0.04461513995112892
18438,0.8059872340189148
18439,0.03608461705944085
18440,0.07245921967781092
18441,0.2686930765516556
18442,0.015863434116943267
18443,0.674474734470596
18444,0.10020402844237394
18445,0.014462949296304255
18446,0.012119743517273058
18447,0.028997299229305783
18448,0.3865629818957742
18449,0.008719507898431482
18450,0.7683969978615112
18451,0.8925542642832229
18452,0.34142729972029634
18453,0.4900087231868985
18454,0.7574391186097208
18455,0.27138614319333926
18456,0.6422237449991659
18457,0.6480501246428285
18458,0.8977573127432366
18459,0.6693824981204852
18460,0.03299395446398428
18461,0.05408274464215668
18462,0.6545271960520024
18463,0.059895709798342404
18464,0.8211313740886518
18465,0.016732722742045222
18466,0.3494853841720248
18467,0.01746175205670875
18468,0.025363105483038252
18469,0.8713676782996703
18470,0.6595578488264524
18471,0.77879636411279
18472,0.6892295850919165
18473,0.5187351515078777
18474,0.16994100834310635
18475,0.020523368436097686
18476,0.023657697465123643
18477,0.03217277505828081
18478,0.023412219623939606
18479,0.015460924351987954
18480,0.5098199436172064
18481,0.6341110765622324
18482,0.015482805208674098
18483,0.01698074078609546
18484,0.5936119311669655
18485,0.18726507777471113
18486,0.7851493337592842
18487,0.7990170544406698
18488,0.2334925029278358
18489,0.57519440232464
18490,0.12770749943127782
18491,0.4955941592439084
18492,0.9123813912646983
18493,0.023111851171270945
18494,0.677376083450096
18495,0.251572596844594
18496,0.35208582220651274
18497,0.7866211073017573
18498,0.020408248222267618
18499,0.6814440082474974
18500,0.42266784461765616
18501,0.7496698390095804
18502,0.7098295374186007
18503,0.018755711096292083
18504,0.6628320796748604
18505,0.2445655996524505
18506,0.2878215230433101
18507,0.023106702498564835
18508,0.8549062094718874
18509,0.41756446519136414
18510,0.02847075684161784
18511,0.29124112712625366
18512,0.8702913390556949
18513,0.4763725869641322
18514,0.7555467508254746
18515,0.5589034725253418
18516,0.6248328067021913
18517,0.3798985203418904
18518,0.9203993779240784
18519,0.5661247534811618
18520,0.05486730787298303
18521,0.029771843194328965
18522,0.3727973702800071
18523,0.11284222221280697
18524,0.866676691921241
18525,0.06484260974130263
18526,0.6487182075019192
18527,0.014630824906927537
18528,0.6583224967575138
18529,0.01861008041432203
18530,0.9138459465668985
18531,0.4843941224834241
18532,0.38710092336823954
18533,0.019860829388497894
18534,0.011875510223428845
18535,0.035950627288436496
18536,0.50952234649764
18537,0.6375791016223066
18538,0.3937504128823199
18539,0.48505820929959614
18540,0.04472836479983279
18541,0.7478848683634615
18542,0.5195847811990046
18543,0.5588592603354856
18544,0.5527941583985014
18545,0.012951866696516854
18546,0.42312831241877136
18547,0.7706764861073233
18548,0.8025686874914232
18549,0.030040867424991825
18550,0.043859433335674075
18551,0.46375963857521096
18552,0.16840969979184073
18553,0.018596611424020488
18554,0.29561679420532505
18555,0.02527579274103739
18556,0.5982826914151369
18557,0.19476137972676658
18558,0.734643969749384
18559,0.8750066743559465
18560,0.6595032766587433
18561,0.011994685077205443
18562,0.028251422435913352
18563,0.025853546717914247
18564,0.4276396817822663
18565,0.8380652311130203
18566,0.6809611478555271
18567,0.3551897573388374
18568,0.6750667377858087
18569,0.01508032607860369
18570,0.21392711013610965
18571,0.2821800721696527
18572,0.019738892562029913
18573,0.6469027089299614
18574,0.8324793455560937
18575,0.5946825175466475
18576,0.7609763748850437
18577,0.7577251028429618
18578,0.8335743031208477
18579,0.6122699712959258
18580,0.012272063324313333
18581,0.015459560175520418
18582,0.3076482496378255
18583,0.5589043198027911
18584,0.012147139880390928
18585,0.020932955296681315
18586,0.6028585291366568
18587,0.3776405624124194
18588,0.824396635419632
18589,0.03547040482983736
18590,0.4884044441324048
18591,0.5121469386903398
18592,0.7979608118455213
18593,0.4957206069082587
18594,0.7621084453763497
18595,0.6437936501694534
18596,0.6906952030102816
18597,0.8019238500977872
18598,0.09304726362632283
18599,0.5446350908455738
18600,0.1210496498217196
18601,0.013937207674265732
18602,0.01568653035799804
18603,0.017603392139739344
18604,0.2217061916893367
18605,0.6218979492195852
18606,0.6895230307458782
18607,0.014993867305478454
18608,0.01488637565257653
18609,0.8003184801645699
18610,0.43593079836251114
18611,0.3315043852299466
18612,0.4078008989936692
18613,0.6897841620211426
18614,0.6240441092928677
18615,0.04437468159932279
18616,0.39219653063292936
18617,0.631264544698336
18618,0.8107818384118793
18619,0.013534732802656647
18620,0.4380450738215075
18621,0.020429084440609938
18622,0.5874726903038281
18623,0.6958121422425572
18624,0.015323287414676484
18625,0.014835676414439003
18626,0.824158583352749
18627,0.015420282321362838
18628,0.43643952119499396
18629,0.46149859335465215
18630,0.863341907716884
18631,0.8269804777986096
18632,0.07704520775946187
18633,0.059500657772606866
18634,0.018438290169112023
18635,0.6896845259043448
18636,0.515415720529708
18637,0.6564708055360297
18638,0.3602211914740922
18639,0.7423293390118691
18640,0.10936062459957464
18641,0.07543709585433545
18642,0.19699008891595007
18643,0.42727334674341844
18644,0.019354481445892538
18645,0.02964756601405778
18646,0.5671936156671933
18647,0.7165547444615697
18648,0.6876377770553117
18649,0.7866511839086819
18650,0.07954797587661706
18651,0.7510465999762179
18652,0.34075529515544334
18653,0.6814708973732521
18654,0.48554940868033036
18655,0.5112211740717556
18656,0.36671059618019786
18657,0.817157269844489
18658,0.6278235231255828
18659,0.025786427303631673
18660,0.6917524819719504
18661,0.46251470616283996
18662,0.4607695691809399
18663,0.08903473523887134
18664,0.8874770664910869
18665,0.3418670621295253
18666,0.8011081384180758
18667,0.36313138172790327
18668,0.021235874423092986
18669,0.019946270963747553
18670,0.8586273538678713
18671,0.029411725160276368
18672,0.46929102963072583
18673,0.8361959150848484
18674,0.8194948086231298
18675,0.057237362399772736
18676,0.049162275101113456
18677,0.02510468108196953
18678,0.6277040632221538
18679,0.020414382604208907
18680,0.014992333023120048
18681,0.023374164440189568
18682,0.013980973470571808
18683,0.02943368631097475
18684,0.4249111198730064
18685,0.3608084441678296
18686,0.7934365449606134
18687,0.7161198762041903
18688,0.018679419283841904
18689,0.041419426318799295
18690,0.17145594589778385
18691,0.7992094052329147
18692,0.552596058100938
18693,0.013712315844519993
18694,0.7174551907103536
18695,0.10208718749983364
18696,0.7385269629144505
18697,0.4548750901811232
18698,0.6273154299244627
18699,0.0161712486356473
18700,0.7644461918154281
18701,0.6428493152034725
18702,0.02632398360274418
18703,0.5962937433461758
18704,0.013960301774296606
18705,0.05687236593978635
18706,0.3859296998710801
18707,0.7885665220119613
18708,0.03960916282684294
18709,0.5658425076900313
18710,0.6199818315763831
18711,0.19059783470754918
18712,0.6791222125755413
18713,0.04588789608911264
18714,0.8932344461421786
18715,0.020369457335703715
18716,0.015776754334412908
18717,0.08296726338045982
18718,0.7703070699574537
18719,0.02811772644684792
18720,0.5026384469515287
18721,0.6901222410933849
18722,0.04565675575248786
18723,0.8979036373540963
18724,0.13521969409729065
18725,0.8323001345656261
18726,0.7587526257068608
18727,0.6450920632022905
18728,0.725061793920961
18729,0.08493432478975321
18730,0.6391271450738599
18731,0.6632846015840804
18732,0.028288014245071266
18733,0.8988742571650439
18734,0.7364114905328158
18735,0.49125663570009287
18736,0.3953404942334822
18737,0.43195357444978577
18738,0.02197142870529657
18739,0.6935664905932875
18740,0.01725918288505638
18741,0.6325246896915361
18742,0.5353706623688835
18743,0.5537732956932213
18744,0.015410769689235753
18745,0.4436090967719457
18746,0.8666216417575784
18747,0.5835793212328098
18748,0.7762344527566122
18749,0.8166435032044379
18750,0.015913567188072134
18751,0.47672893551005924
18752,0.4338775688967762
18753,0.015202882908628515
18754,0.016877261511509496
18755,0.02260669840923103
18756,0.8338666884209774
18757,0.13373596517561967
18758,0.12984822074896724
18759,0.016607347459617484
18760,0.39684127525101254
18761,0.6492615514909443
18762,0.014014273152053386
18763,0.36054157517403046
18764,0.4804677433010508
18765,0.023237745556423977
18766,0.07230782928348861
18767,0.07967924410047257
18768,0.020977185337163917
18769,0.6532464750238365
18770,0.015980383113077624
18771,0.1932301602922741
18772,0.01588842360635861
18773,0.705500780408926
18774,0.4098350935254395
18775,0.11835002016827109
18776,0.8659201305910448
18777,0.44845293696945937
18778,0.49141709181193105
18779,0.5216215059820478
18780,0.5575817131038234
18781,0.020452634706506857
18782,0.21985651707317586
18783,0.25673911584437625
18784,0.011400084956224282
18785,0.7352469462084545
18786,0.14201376513951847
18787,0.0419273961364452
18788,0.754834293781856
18789,0.011978189809511347
18790,0.8266207117743811
18791,0.15081606501813993
18792,0.1346835145016683
18793,0.6785589379282506
18794,0.02019160711669483
18795,0.8836442116778794
18796,0.3905002648293302
18797,0.7590130914118844
18798,0.01382952572869312
18799,0.022116200669898334
18800,0.742331551881339
18801,0.03920378196790085
18802,0.7250287219735091
18803,0.12192818376229562
18804,0.825714623090455
18805,0.6578986071062017
18806,0.7460132256874109
18807,0.8946033132115404
18808,0.4042058948209157
18809,0.8015698267584953
18810,0.2935459892655985
18811,0.1579725219599314
18812,0.08251902763521832
18813,0.8525560987917392
18814,0.3996420795060398
18815,0.5086207752758312
18816,0.6300018369401552
18817,0.39127610248739586
18818,0.8016868958997564
18819,0.33678905181109653
18820,0.351872487235228
18821,0.035967562746247926
18822,0.061504512490913654
18823,0.7724080883184167
18824,0.6001641930734026
18825,0.011806450276013325
18826,0.0379003481458291
18827,0.465159157642372
18828,0.4298834543109694
18829,0.02343527745173309
18830,0.01263477207359853
18831,0.37984293224774035
18832,0.547985312143301
18833,0.028695823226718282
18834,0.013675860354496154
18835,0.017423136850428875
18836,0.012569175086026273
18837,0.01925631575966734
18838,0.58867066872759
18839,0.7038967153014625
18840,0.015269642386331732
18841,0.016401414797535104
18842,0.04273693143101986
18843,0.8620673178765192
18844,0.8642544321331578
18845,0.061934282631984285
18846,0.017799615826444005
18847,0.6033515636180077
18848,0.7646709882389309
18849,0.012779607757979044
18850,0.9093029434536875
18851,0.03205403783853016
18852,0.6601604381560021
18853,0.021142823454206847
18854,0.01586887548075975
18855,0.21833400388980667
18856,0.6444974951387543
18857,0.685422718979086
18858,0.011793849270295625
18859,0.7738956573557031
18860,0.8262309270573491
18861,0.03735294020948095
18862,0.01239873895548455
18863,0.9103029751432693
18864,0.03666765885610188
18865,0.49174790617753816
18866,0.027068696725642896
18867,0.5126136410941078
18868,0.09249962524771539
18869,0.6993151076320171
18870,0.0960852293513655
18871,0.04081328624804154
18872,0.23319687059658933
18873,0.5376476020399368
18874,0.012533265455799674
18875,0.8622101563843443
18876,0.025327761530002622
18877,0.755114270517074
18878,0.01406495631490186
18879,0.009866524465199982
18880,0.01591724455189362
18881,0.7950050275343677
18882,0.503811739882322
18883,0.5233276664208564
18884,0.8421389242670807
18885,0.0495288683818109
18886,0.09338712773435906
18887,0.012292133604029429
18888,0.3722598155885725
18889,0.8527301309215316
18890,0.8531622478430457
18891,0.01826033578656795
18892,0.0581089256578313
18893,0.026029975150055746
18894,0.02195146733048677
18895,0.03629029319792017
18896,0.3113734297598463
18897,0.5174901528884813
18898,0.025785827990208853
18899,0.1883704533458096
18900,0.012994808059709644
18901,0.5626382381484475
18902,0.6399004407075224
18903,0.6950045355704133
18904,0.8529900715238357
18905,0.1486298727049761
18906,0.021245212227170497
18907,0.01416613096103159
18908,0.7590745199798903
18909,0.35445103003533784
18910,0.7725385049335031
18911,0.017044258826076027
18912,0.19242962658478305
18913,0.6690373551780936
18914,0.01824322119861759
18915,0.41009920300001035
18916,0.462640272051268
18917,0.3886047800661737
18918,0.6227074538381012
18919,0.10384931103326962
18920,0.6354749166001201
18921,0.015018004429302711
18922,0.7122958746141981
18923,0.7347004548595942
18924,0.28718613839431945
18925,0.8863894832655577
18926,0.7227542056282874
18927,0.5461596179385225
18928,0.8450118096284056
18929,0.5551795950808045
18930,0.38364311585719874
18931,0.03472902486268283
18932,0.7902627346972303
18933,0.7862692175677449
18934,0.491145728378205
18935,0.6155515339916648
18936,0.03401556762257297
18937,0.012767132032776326
18938,0.015981153880874763
18939,0.8560036466072809
18940,0.5273793215200813
18941,0.668779207578692
18942,0.035484822101147395
18943,0.3792524997704914
18944,0.44855451628590864
18945,0.579385307450488
18946,0.8555530437633881
18947,0.032228835677484025
18948,0.013987649328541775
18949,0.6840422583774759
18950,0.014899853327111492
18951,0.04658900064757368
18952,0.6728866630907581
18953,0.40721660647183683
18954,0.016250391408082557
18955,0.5269023153304693
18956,0.8783261010003027
18957,0.5922946037867866
18958,0.7487474880679454
18959,0.801770618725927
18960,0.13364567056427346
18961,0.015094629679212025
18962,0.017035742618798352
18963,0.9194904421556626
18964,0.5749474342321553
18965,0.7960049085226313
18966,0.4583165483344393
18967,0.6386845451959932
18968,0.7752949417661616
18969,0.019487252875738964
18970,0.09574090215372232
18971,0.599140521485521
18972,0.5878715424076515
18973,0.0674949847652391
18974,0.01923401873658396
18975,0.03404583194646408
18976,0.015596274448710366
18977,0.01844263004316904
18978,0.8935373498947794
18979,0.6970609834255135
18980,0.02990570186271933
18981,0.0295354060314279
18982,0.7488594224114619
18983,0.011295317980177568
18984,0.6914283556964854
18985,0.6616572938759979
18986,0.3934440345503472
18987,0.9127528261733934
18988,0.023190770670243777
18989,0.6137599324670067
18990,0.02371122321396954
18991,0.3359689229619897
18992,0.024102146632707367
18993,0.5889089461333034
18994,0.013687846786803229
18995,0.015214570748623243
18996,0.5139304630498642
18997,0.6283709037405146
18998,0.8155025440822399
18999,0.016309529235065578
19000,0.534556842583813
19001,0.02006437387638763
19002,0.7560716094627741
19003,0.014156121861065156
19004,0.7663548614162682
19005,0.013665992583848437
19006,0.40418012716277146
19007,0.1247662621540491
19008,0.035464348817442246
19009,0.11162546569684191
19010,0.6682158124613374
19011,0.8076412269854828
19012,0.3750792954927936
19013,0.39116698963934404
19014,0.013348629962890745
19015,0.42267434184069763
19016,0.29291070396143776
19017,0.016139907249016667
19018,0.03637900139974456
19019,0.3199972391740875
19020,0.9151396628333076
19021,0.22981495519253567
19022,0.8037561567914874
19023,0.4433398237069766
19024,0.8666099806613131
19025,0.7410326988140021
19026,0.8417295948117424
19027,0.025115743842485525
19028,0.44812378858852703
19029,0.5608540953447113
19030,0.014475448900635809
19031,0.7527816471133226
19032,0.31963259747870426
19033,0.08999107807913273
19034,0.036856840227742736
19035,0.4634435615438047
19036,0.03787900304564057
19037,0.024527475681470724
19038,0.8586433262933328
19039,0.131506872339574
19040,0.027596980953400397
19041,0.0270577246346526
19042,0.19246940463908124
19043,0.593806910900497
19044,0.8800327623920989
19045,0.014694757452007684
19046,0.7074057665403829
19047,0.9055205923937949
19048,0.019210797625128947
19049,0.17034675496231008
19050,0.022187669842551883
19051,0.7550900602426796
19052,0.045355144489545904
19053,0.21274272414613732
19054,0.01254523417757232
19055,0.12306066036090464
19056,0.18116266284162583
19057,0.616935822474422
19058,0.014091842910852909
19059,0.6441321304999114
19060,0.014657853635424531
19061,0.02406431446025222
19062,0.6107648611378208
19063,0.6424289117946744
19064,0.708965873652315
19065,0.17759672835566526
19066,0.7680043011850852
19067,0.6950093742965052
19068,0.01602189981009435
19069,0.39999138765562164
19070,0.8713621415218066
19071,0.40756029742006267
19072,0.3378014691394071
19073,0.017315982822023252
19074,0.07338073948152941
19075,0.3639844546773791
19076,0.0920584576215445
19077,0.8757109039015433
19078,0.8277134381706196
19079,0.06713516323298498
19080,0.41362085700325785
19081,0.14043074875852388
19082,0.7004151602895878
19083,0.21766222155730394
19084,0.6917039535818628
19085,0.04222617340021443
19086,0.8023521462304621
19087,0.24463721194752372
19088,0.021832385037173704
19089,0.020171954099374986
19090,0.7800688696770769
19091,0.019356262810690594
19092,0.9224866261575996
19093,0.7121182656440349
19094,0.6509226238714936
19095,0.014756121444867465
19096,0.10987579774343073
19097,0.6304326945996461
19098,0.9015632887686914
19099,0.07778483424521558
19100,0.8725220296035713
19101,0.01563739849607519
19102,0.02988519731767418
19103,0.6376867543635626
19104,0.02590405390601068
19105,0.7577305039999064
19106,0.8509040970272969
19107,0.8445239135452237
19108,0.7074375286835558
19109,0.23815593899166818
19110,0.7115777432232699
19111,0.30011628252058675
19112,0.025449571116266983
19113,0.0166647730461286
19114,0.8163209775169534
19115,0.23747985441151442
19116,0.2941806381551368
19117,0.6412585097608634
19118,0.020876234304712336
19119,0.02379510798028054
19120,0.525974900387182
19121,0.7623611054812927
19122,0.9445632410151783
19123,0.041753557153403995
19124,0.5005890130934378
19125,0.05793995691675094
19126,0.7459512652166994
19127,0.0161360176134446
19128,0.7611823500863953
19129,0.012268805807925038
19130,0.4576729792289947
19131,0.018769664282918843
19132,0.6405322677179589
19133,0.311526217561982
19134,0.7654399886593946
19135,0.5830372660569404
19136,0.8071842345266533
19137,0.646132865404302
19138,0.011730238249479556
19139,0.30379518724195054
19140,0.012249033617417441
19141,0.8696452298259435
19142,0.3672020863648907
19143,0.9433326256237188
19144,0.870365386314059
19145,0.8088595181442879
19146,0.012812944188380537
19147,0.013421731334610137
19148,0.5671490879866454
19149,0.11732926001725645
19150,0.25429539329590056
19151,0.5537628502083477
19152,0.011097013923850669
19153,0.6080667562620453
19154,0.7205233656026513
19155,0.7287193265556637
19156,0.013852510290916773
19157,0.8299984010902558
19158,0.7104721960806545
19159,0.0282977342982437
19160,0.6689318983026034
19161,0.5347400550889946
19162,0.6966787803773973
19163,0.6239242199734151
19164,0.6487824934885914
19165,0.02545702060879681
19166,0.016104166662481816
19167,0.4791153761954769
19168,0.5141527272635164
19169,0.014895768010648186
19170,0.03212859389830127
19171,0.6092345521857029
19172,0.49051614458214826
19173,0.46102092124496824
19174,0.012695966022009586
19175,0.4658098664549896
19176,0.07123199085907853
19177,0.07523491522950307
19178,0.10537877982330775
19179,0.4221400200763463
19180,0.8728228608247492
19181,0.6237493703548616
19182,0.7037110961356906
19183,0.014236026379670171
19184,0.3978847687905447
19185,0.778110403789059
19186,0.025750767850914787
19187,0.023093068228380455
19188,0.4369218785337136
19189,0.7943363211414244
19190,0.0214005841022401
19191,0.16447252183350206
19192,0.04414374403775991
19193,0.2676762656736583
19194,0.04491548509947252
19195,0.017528529465996655
19196,0.021211063210147013
19197,0.7837175623752306
19198,0.854177233642246
19199,0.22337908081781813
19200,0.03677758316693298
19201,0.08036511656261404
19202,0.8582524614812751
19203,0.0148761955157498
19204,0.02971196204941428
19205,0.6977286424454908
19206,0.014420128736304109
19207,0.02769395614588918
19208,0.04867131419928949
19209,0.10728712787791732
19210,0.6907412295493758
19211,0.017185516243007355
19212,0.03911116029183041
19213,0.06239090487465005
19214,0.041807573891345595
19215,0.8031719323825215
19216,0.021209850749889354
19217,0.03892259467820788
19218,0.623234726875797
19219,0.8737609034045581
19220,0.24284795310283935
19221,0.02908241497873893
19222,0.7017142823532846
19223,0.6516390551329302
19224,0.03986381111070364
19225,0.9242072647302263
19226,0.1627835452645915
19227,0.568045385703391
19228,0.06726448150271157
19229,0.030819060158279215
19230,0.6245292493185988
19231,0.6651986279307112
19232,0.0303690698886928
19233,0.5071380675333387
19234,0.37419322630505963
19235,0.013610499545782799
19236,0.7403464825126908
19237,0.8214412348781963
19238,0.02920815094977646
19239,0.8084954297639249
19240,0.03110681571561635
19241,0.025466327578863465
19242,0.03234190426155914
19243,0.08800560717797246
19244,0.8606722722609803
19245,0.017495621382293314
19246,0.30098665803339497
19247,0.01932566604595954
19248,0.040655497165265835
19249,0.12890322569398766
19250,0.8003668692460906
19251,0.013711649524502337
19252,0.6231717941040266
19253,0.6217135064640007
19254,0.023036856110351292
19255,0.25463414427923237
19256,0.6931351610072656
19257,0.5442717369266388
19258,0.018043695550890117
19259,0.035593045460723685
19260,0.02405820680448615
19261,0.6503059978780339
19262,0.6269208097813932
19263,0.40763952676207155
19264,0.309304780802058
19265,0.2837481238660659
19266,0.7541538282645159
19267,0.29227857838155796
19268,0.8798882416617179
19269,0.09978170635189897
19270,0.032562134600247206
19271,0.02474496291864969
19272,0.22862934361741688
19273,0.7496666634745812
19274,0.5237082789772248
19275,0.8235959895626593
19276,0.8343333557485901
19277,0.03864448379302669
19278,0.05540521984931581
19279,0.10593716409982272
19280,0.05891027296470681
19281,0.015753841466495545
19282,0.4766152803332943
19283,0.8512719825293096
19284,0.015899526532241855
19285,0.8994727586835817
19286,0.015243737641435731
19287,0.2918120687462084
19288,0.6504723738979552
19289,0.5875599850714703
19290,0.7425233422299797
19291,0.821143340662027
19292,0.03257320410376213
19293,0.593038045120308
19294,0.19148596131349124
19295,0.03374550012815327
19296,0.07274021213701132
19297,0.21916595220567292
19298,0.013272746216747278
19299,0.772909778798887
19300,0.5628312281120151
19301,0.03999907951011677
19302,0.43872048616220644
19303,0.869471017029609
19304,0.012308563058717404
19305,0.7922498793373275
19306,0.5599251419493247
19307,0.6877424885857722
19308,0.5701759402993299
19309,0.5515673401559067
19310,0.5289184094582126
19311,0.48522538031524404
19312,0.011796300977621566
19313,0.4127620219287015
19314,0.21264571466833182
19315,0.264529316822567
19316,0.04032459160810372
19317,0.01550187560215082
19318,0.9221737167859784
19319,0.1314806518949895
19320,0.026771553108407748
19321,0.026791478716962875
19322,0.7691199671422647
19323,0.7372353229586366
19324,0.8638261543020488
19325,0.35734094579869946
19326,0.4670351973976417
19327,0.789687457248108
19328,0.39362301390049165
19329,0.014780541520687916
19330,0.04825548874665082
19331,0.014699575901591358
19332,0.32346614128086765
19333,0.41517819978345377
19334,0.039564308592270794
19335,0.052777136995130765
19336,0.2763049601170888
19337,0.7824421032396832
19338,0.01595760990018235
19339,0.8047343001375011
19340,0.012020642069219626
19341,0.03392319544324479
19342,0.04462847211312068
19343,0.503859865153196
19344,0.20463203261414825
19345,0.06255717208468833
19346,0.7739771261865003
19347,0.18593729723468427
19348,0.7245578989506394
19349,0.775840623078373
19350,0.13741996254391442
19351,0.6321162839512297
19352,0.2591096415573322
19353,0.043735350616317906
19354,0.056048809620256795
19355,0.01852384279731203
19356,0.7101520805986379
19357,0.4910240196795573
19358,0.6723913530710717
19359,0.4115449262479547
19360,0.022599007067411983
19361,0.8374898635451102
19362,0.9317649478071441
19363,0.025730988059579282
19364,0.020546491727404168
19365,0.018085031088156026
19366,0.016999579037355446
19367,0.05933740952567035
19368,0.7688371478840055
19369,0.6727295464789521
19370,0.6722990643695285
19371,0.6722034687907803
19372,0.41654553581297804
19373,0.04151479166625268
19374,0.028918142050487754
19375,0.047824815559062456
19376,0.014026738708338257
19377,0.0123880897658813
19378,0.7424265575936307
19379,0.6575708674634757
19380,0.02069449601925741
19381,0.11992597546772787
19382,0.9050645379146433
19383,0.7110174513780707
19384,0.016368502872745667
19385,0.022771425335904212
19386,0.059270692290907985
19387,0.5618966219159236
19388,0.720441846572971
19389,0.5072252725187603
19390,0.6911001571674324
19391,0.11182381216264882
19392,0.4874424194674782
19393,0.2827320151911833
19394,0.41762895825666757
19395,0.17872211048782854
19396,0.6671813034228056
19397,0.6471060360905807
19398,0.6091182447036437
19399,0.02183627867751363
19400,0.7285229181841268
19401,0.01748299847861493
19402,0.012128489794790889
19403,0.01447388957516529
19404,0.7049208073576144
19405,0.20083754568644122
19406,0.7027295091129818
19407,0.32846558151764127
19408,0.7246997642418747
19409,0.022768964871074052
19410,0.015659172357825206
19411,0.6398190350111652
19412,0.8559399118653345
19413,0.6929666424595765
19414,0.7004758147651216
19415,0.038097417578479925
19416,0.5128775250465534
19417,0.6279392403556362
19418,0.013646808078362325
19419,0.03335482092821365
19420,0.8146118303776787
19421,0.5347677441022649
19422,0.03729905182828371
19423,0.9121875416612044
19424,0.41437561189331
19425,0.10845571059287477
19426,0.5607257074832949
19427,0.02896235947051418
19428,0.37097841052563413
19429,0.07980676612944128
19430,0.012734657948270417
19431,0.6237310193374738
19432,0.49954647767104854
19433,0.020945339821308116
19434,0.7008063190268509
19435,0.014722006174702953
19436,0.5918047253114632
19437,0.4964650593111231
19438,0.702686450346046
19439,0.015932463082728696
19440,0.8695853027505179
19441,0.6510365509639575
19442,0.6770727467776706
19443,0.5259109723109051
19444,0.783423916986012
19445,0.01166986831934961
19446,0.7333058401041279
19447,0.8051197529014766
19448,0.7290089469364888
19449,0.0189911430664387
19450,0.01589934908708826
19451,0.03669795725551064
19452,0.347347560427313
19453,0.5603037085549122
19454,0.01611495936522683
19455,0.01792709659610681
19456,0.7325510703108697
19457,0.5322598467355035
19458,0.13260263482383455
19459,0.017679217503332356
19460,0.19164363257699527
19461,0.01483208837566264
19462,0.2815646043370223
19463,0.7530942203384144
19464,0.011944942793255203
19465,0.5381078884803978
19466,0.4681117713426972
19467,0.0167699310139902
19468,0.4419529446272411
19469,0.016550278436864855
19470,0.06788924921498826
19471,0.017630137328477933
19472,0.7513956749091741
19473,0.5029627898303046
19474,0.7334872056636449
19475,0.01623411999302887
19476,0.03383773570062857
19477,0.16773283124414332
19478,0.7338953114502876
19479,0.018617929124648186
19480,0.7000473534306476
19481,0.8039465622885372
19482,0.5292397609122277
19483,0.016493930010512647
19484,0.014961744358928202
19485,0.0405279441508437
19486,0.020415001143871223
19487,0.5440757738202062
19488,0.024332188085781244
19489,0.8148143266493784
19490,0.6027915724789225
19491,0.8045925593385942
19492,0.3630399356266443
19493,0.012974304537524234
19494,0.8344324284263399
19495,0.012478132765731658
19496,0.4845021620880648
19497,0.5181706868043009
19498,0.7159434636527956
19499,0.505217396566396
19500,0.8562668494020629
19501,0.012059808714437861
19502,0.8763058177574947
19503,0.7318632158200253
19504,0.026277319325335002
19505,0.014946484544254391
19506,0.2527362811558946
19507,0.34441916660987615
19508,0.7098724137498118
19509,0.5840046012830488
19510,0.40957422284898337
19511,0.2729514803837929
19512,0.3458521718884649
19513,0.7943741624934033
19514,0.07304955087000305
19515,0.9016100443383075
19516,0.024887872287581582
19517,0.21299402032462172
19518,0.5034563650234253
19519,0.01659969255188885
19520,0.8771357839499592
19521,0.01423581170534836
19522,0.6008028018023472
19523,0.02039579288875402
19524,0.33871102737283765
19525,0.6684092800711127
19526,0.7996410117521101
19527,0.35896021040333803
19528,0.6915875643039988
19529,0.01906223516448275
19530,0.75292620658213
19531,0.05717586638809956
19532,0.01602287292923515
19533,0.020717211226701837
19534,0.07105394788690458
19535,0.468668509892097
19536,0.01219112133828605
19537,0.857388427465457
19538,0.07464043350743345
19539,0.38717851244655127
19540,0.3616020521699071
19541,0.01579558018028441
19542,0.018987637989093354
19543,0.01643700202396952
19544,0.029020024543638778
19545,0.36481350458633327
19546,0.9176501729352659
19547,0.6043623225724803
19548,0.3614063687010562
19549,0.6694899058747313
19550,0.7213020850900127
19551,0.023147045486351648
19552,0.13716888734135527
19553,0.5140613895346363
19554,0.03390463014937301
19555,0.5742758822470836
19556,0.022738107249479535
19557,0.5678517555248105
19558,0.829042895868333
19559,0.5595246726589106
19560,0.1415120402922797
19561,0.8080211674673182
19562,0.027327595694821915
19563,0.03802596085531782
19564,0.8991883700036897
19565,0.03582129061346895
19566,0.05449498188390501
19567,0.8326146773493021
19568,0.5062590003345129
19569,0.7761881396546636
19570,0.439323383371538
19571,0.865366999668551
19572,0.6117140393093373
19573,0.380063796197257
19574,0.0787835757050274
19575,0.13536116440034096
19576,0.010615392913863738
19577,0.041315713543001786
19578,0.02470843171344662
19579,0.5682063753872182
19580,0.6180921715917709
19581,0.019585347593592258
19582,0.025055750190020893
19583,0.014444967362589396
19584,0.013469813137607308
19585,0.8371633774911069
19586,0.7273098371012466
19587,0.18931758325802486
19588,0.015821739980585104
19589,0.3376682489274839
19590,0.40358269713432515
19591,0.699532870093292
19592,0.8545250894471964
19593,0.7827304298300988
19594,0.27505456117292815
19595,0.012661909984985396
19596,0.019721302817553035
19597,0.7377963868953312
19598,0.045316359822575994
19599,0.014700540754599471
19600,0.4647491265040144
19601,0.7033833162488301
19602,0.45763846360529625
19603,0.045206246670990734
19604,0.02384113160023682
19605,0.5948361338485354
19606,0.1007214833884159
19607,0.022630287609499027
19608,0.624662467116236
19609,0.040008311696683785
19610,0.1765582024263171
19611,0.46572926031842954
19612,0.014101801067729205
19613,0.16218852168326647
19614,0.7135918150358711
19615,0.6702346033659182
19616,0.01286173242359002
19617,0.82782692559286
19618,0.012132473531043618
19619,0.18373118830716692
19620,0.018164249634069873
19621,0.9473843700514247
19622,0.016551409327056264
19623,0.017534373119944827
19624,0.7894724747968898
19625,0.4951695628451944
19626,0.6156566341957302
19627,0.022677466535603884
19628,0.6046099637501372
19629,0.025769049509987388
19630,0.015197897744467467
19631,0.022758035233743614
19632,0.9109116935541371
19633,0.017126237985008966
19634,0.8762019872262908
19635,0.7534540374192151
19636,0.7617884599785442
19637,0.02195639823448119
19638,0.8079820120700368
19639,0.02252658075854586
19640,0.03714752203332156
19641,0.01698546402959456
19642,0.01566784821283963
19643,0.5886228569531655
19644,0.030878758024549077
19645,0.014648341570404079
19646,0.5023307277600482
19647,0.8720960844332469
19648,0.02001762087991392
19649,0.05037665679620111
19650,0.5939124642877733
19651,0.6508914461009143
19652,0.046508974856189524
19653,0.04835265583499698
19654,0.6316775314990279
19655,0.02045000111702579
19656,0.025422162748845428
19657,0.8122610459101124
19658,0.014906993940103695
19659,0.013939906360890566
19660,0.024473498583840625
19661,0.039612646049380806
19662,0.05048779459933174
19663,0.9171258580018995
19664,0.2495014524439563
19665,0.02236550515077327
19666,0.01513592066862489
19667,0.47787006828374123
19668,0.01391011770318411
19669,0.015322025180567862
19670,0.02585819887364598
19671,0.019213055305339316
19672,0.21230897878827856
19673,0.7705229487707327
19674,0.2449536721164168
19675,0.4917528305274277
19676,0.057352673164091296
19677,0.7078704121606084
19678,0.673140887182082
19679,0.6565343615570378
19680,0.01522790093122672
19681,0.012462879411667726
19682,0.01999129877114072
19683,0.27911329993633366
19684,0.6692284667605198
19685,0.40215282027449917
19686,0.023536016872731217
19687,0.4919934683037604
19688,0.18969325395462336
19689,0.8984608328874509
19690,0.6600615615440625
19691,0.8003190113144113
19692,0.8015246066935331
19693,0.6940525215291719
19694,0.8237331334203016
19695,0.01638809732498124
19696,0.7675287669771091
19697,0.8485682542020248
19698,0.01642658138565646
19699,0.4513543979915772
19700,0.8103481371024608
19701,0.02551088837066699
19702,0.1459183295340816
19703,0.014009533557800193
19704,0.15676814915461146
19705,0.6291299902151672
19706,0.3773003313519221
19707,0.8264620761897182
19708,0.7927571061549469
19709,0.4466691122957437
19710,0.33945948869682874
19711,0.7749976213429546
19712,0.10094579518303821
19713,0.4655930066231333
19714,0.8494728292806124
19715,0.49765070765086367
19716,0.02284901984346038
19717,0.023229568282584646
19718,0.7693053932756535
19719,0.5485145108887057
19720,0.39137097308015006
19721,0.7994755401369559
19722,0.08049301114633785
19723,0.020655564427690083
19724,0.31192003232627336
19725,0.2862126231975971
19726,0.18621309301799055
19727,0.877394050703202
19728,0.0152990388454143
19729,0.893966183202883
19730,0.8588585731390806
19731,0.5297874951244261
19732,0.01594856568880393
19733,0.012829772880488834
19734,0.04106432509193079
19735,0.16632869697067681
19736,0.35931757487101856
19737,0.8835957928184023
19738,0.6607737588904696
19739,0.023602058110240496
19740,0.014048823713898392
19741,0.744070720440558
19742,0.6166152259000991
19743,0.0331460764528926
19744,0.6653699458921245
19745,0.7428074576851024
19746,0.046960369306622
19747,0.013331580594695044
19748,0.45694578109783884
19749,0.8901223470793744
19750,0.20804537797555603
19751,0.030331801077415177
19752,0.5863534170301585
19753,0.0222031549599348
19754,0.013691184948161817
19755,0.38042440248508363
19756,0.020739743095951935
19757,0.017311751741535354
19758,0.44372253392528344
19759,0.11972788412558742
19760,0.07854445871602259
19761,0.013954538200944123
19762,0.045557039749426105
19763,0.43868411635662735
19764,0.0106012061551492
19765,0.7425146568271975
19766,0.03350550544203866
19767,0.1860658060118145
19768,0.3654547822055819
19769,0.013092475939094007
19770,0.3711417960918049
19771,0.322417222335684
19772,0.016429760194849454
19773,0.019645416807857766
19774,0.6583182510796799
19775,0.048563047827887236
19776,0.022823989927877812
19777,0.7828121644598969
19778,0.8739447171884585
19779,0.016854048316190258
19780,0.7441140491947387
19781,0.11862861613657012
19782,0.025680274912778505
19783,0.7962299221521942
19784,0.5971180170297777
19785,0.6619116489115255
19786,0.013971990954516511
19787,0.6318669698376493
19788,0.26639326466939434
19789,0.012982580536009015
19790,0.4778265979740861
19791,0.07839885312070576
19792,0.896782306548951
19793,0.010685823444247752
19794,0.6902178620252875
19795,0.2634558911101588
19796,0.779244869604098
19797,0.012567893913579573
19798,0.71739035469517
19799,0.46050151579344545
19800,0.014886444662132438
19801,0.6472239788262442
19802,0.017347156285168107
19803,0.3918298382209752
19804,0.019813921341568078
19805,0.20800155489740368
19806,0.8403374740297205
19807,0.012601873294441629
19808,0.013138775428579056
19809,0.27642186547855485
19810,0.02982008272420375
19811,0.1973827436934873
19812,0.8914778902739209
19813,0.03453727284292808
19814,0.6607150445078013
19815,0.013818613096390698
19816,0.4285217404104731
19817,0.5779607760824251
19818,0.6859644537545678
19819,0.044959779957277325
19820,0.39500766554290156
19821,0.8331302985421598
19822,0.8569744883653894
19823,0.025124306642083365
19824,0.7264289005747603
19825,0.7626215154662458
19826,0.641396671319142
19827,0.3077841171202946
19828,0.030668697964227463
19829,0.19139278414388414
19830,0.01410891944649962
19831,0.43770382032954064
19832,0.11505388247930382
19833,0.9058351372982468
19834,0.03190980944027213
19835,0.020133723573828463
19836,0.07711303974464359
19837,0.7551601032975236
19838,0.4904558650614322
19839,0.027659266524971655
19840,0.023498685019559103
19841,0.029356819376991396
19842,0.017104046502950943
19843,0.039985545409970596
19844,0.016697345942466302
19845,0.034743438875477914
19846,0.016418104527000744
19847,0.42993955626244
19848,0.22775713415945428
19849,0.016631092250597532
19850,0.0159836686242544
19851,0.35614987050239866
19852,0.05637904897729706
19853,0.7902330113124585
19854,0.042321903753418294
19855,0.8043412364212038
19856,0.07603187663972874
19857,0.028168448762014398
19858,0.8369388428667844
19859,0.49113437227102125
19860,0.016142121889929018
19861,0.6096073510131188
19862,0.8083360199170444
19863,0.0232444709884659
19864,0.546631622942284
19865,0.0327552499348388
19866,0.11755615267781853
19867,0.31836888994110357
19868,0.6588826102755526
19869,0.6077948985656589
19870,0.750427248471881
19871,0.4435943357422735
19872,0.026704814894147753
19873,0.022025704059103517
19874,0.016207606014035137
19875,0.40174860086498065
19876,0.6421215274495827
19877,0.8103264067979112
19878,0.4761258691085085
19879,0.8810020827788779
19880,0.025800083444153472
19881,0.020877629195649932
19882,0.6404209074853835
19883,0.6918278666991221
19884,0.7040600373793601
19885,0.014409826409913229
19886,0.6473826529753899
19887,0.013587629791317644
19888,0.8232173504381242
19889,0.8210523259498123
19890,0.013168190903188697
19891,0.023256179849667356
19892,0.6531255445982639
19893,0.6137134315813908
19894,0.7571419618434193
19895,0.6204322087438502
19896,0.7689446832712635
19897,0.7296330184791988
19898,0.7643812375478559
19899,0.5739459271904741
19900,0.6338644313475902
19901,0.019924083751427277
19902,0.02292644546575925
19903,0.013910358005916886
19904,0.3436402156912917
19905,0.014907618562398642
19906,0.20011710339069944
19907,0.733445385118353
19908,0.676306971184382
19909,0.3194539759666981
19910,0.6523182504789854
19911,0.5477312466166779
19912,0.04453668764780612
19913,0.09947026688020288
19914,0.8528115607446344
19915,0.0333004950778991
19916,0.013704735918299172
19917,0.5601365476226844
19918,0.2506405925120052
19919,0.021739948831574755
19920,0.01948665409924548
19921,0.322465591194237
19922,0.4712919171737909
19923,0.019689955796283517
19924,0.8535092252032618
19925,0.8761912072952148
19926,0.019779428379947245
19927,0.37649936472777973
19928,0.6931447328376521
19929,0.07158005828974512
19930,0.637280208951418
19931,0.44169912364689
19932,0.7559345929946231
19933,0.046941184020062685
19934,0.021336536630826342
19935,0.03002479089493392
19936,0.04622606224986522
19937,0.4691614562663962
19938,0.0205372324893055
19939,0.013583105429762658
19940,0.2781184092775294
19941,0.8716718090135364
19942,0.029611834081270074
19943,0.7869480579130593
19944,0.39217054642377447
19945,0.6771975531322351
19946,0.013273212884602203
19947,0.016144174254774338
19948,0.016371680681344612
19949,0.19730426008288687
19950,0.9252157577559296
19951,0.6104987586847566
19952,0.36096456570673163
19953,0.5117959614355299
19954,0.869318562061708
19955,0.5260471493388351
19956,0.6776531179513504
19957,0.013036596666992738
19958,0.84766154021681
19959,0.48797253973872573
19960,0.01542628108795638
19961,0.8148071439776603
19962,0.8822423150544658
19963,0.6283734025068722
19964,0.7074154403835328
19965,0.7642340604156431
19966,0.03315666675501548
19967,0.0111508965962198
19968,0.7116847326892011
19969,0.022226182891301672
19970,0.6484006648165493
19971,0.9316415083266895
19972,0.03548182445586945
19973,0.9097274944274351
19974,0.8179005723461369
19975,0.660702734182159
19976,0.4636068274317429
19977,0.8639412149628578
19978,0.2567182128808593
19979,0.6913885963428025
19980,0.4682737045352625
19981,0.6816140557143568
19982,0.05960970769701814
19983,0.02234049113151314
19984,0.8353368356747433
19985,0.02187203405527335
19986,0.8891227608003728
19987,0.028111317707745817
19988,0.015153473256004163
19989,0.5970031990446387
19990,0.016714891837900973
19991,0.746543273779767
19992,0.02822981994692913
19993,0.37182466511294315
19994,0.6912055573526925
19995,0.3431927130487398
19996,0.04203391651465026
19997,0.013539619371646345
19998,0.03684821864509187
19999,0.8292092517020532
20000,0.013485911906374836
20001,0.868443345628411
20002,0.7998376372190166
20003,0.2454069039687396
20004,0.6032329640621914
20005,0.015140924117261383
20006,0.5327338757655515
20007,0.48611654292152906
20008,0.01850398500157954
20009,0.42586493515028706
20010,0.031345926014079414
20011,0.6976665113918211
20012,0.023316647160586974
20013,0.07637621614987011
20014,0.8252137236353675
20015,0.029977286719516164
20016,0.6786334249550575
20017,0.01244773575730289
20018,0.2325739861442194
20019,0.02122594592714361
20020,0.7969315770622906
20021,0.61071814273859
20022,0.05566299921900451
20023,0.5436015344842471
20024,0.6312257429314422
20025,0.014295451969570576
20026,0.5094077810729968
20027,0.026981248248796625
20028,0.2715708663989863
20029,0.23146501067908903
20030,0.7821475107181817
20031,0.024035252674858742
20032,0.027544187415622246
20033,0.014718653015354188
20034,0.020632308415910978
20035,0.020132217799985145
20036,0.5167787155052377
20037,0.014729833932297804
20038,0.024387928797706244
20039,0.7397285889592279
20040,0.378571640759536
20041,0.6753906215434303
20042,0.013980313601026863
20043,0.7536528104485084
20044,0.3700899814372697
20045,0.055590698381089675
20046,0.24557612168890158
20047,0.5472689428310334
20048,0.03008681233308288
20049,0.31060557270904054
20050,0.5064759270104272
20051,0.016696881110633995
20052,0.012072202134044127
20053,0.605937705655361
20054,0.5270162374955841
20055,0.815440274235147
20056,0.018749877175761067
20057,0.667636308995995
20058,0.047015332120078045
20059,0.018480304081928304
20060,0.8057240968337992
20061,0.01368783594047082
20062,0.5512196288601336
20063,0.8692223538763787
20064,0.010921373896723485
20065,0.02524073077037054
20066,0.6938748611328296
20067,0.9021992372617049
20068,0.012663642954255159
20069,0.26173719320764044
20070,0.21698466255152363
20071,0.4553356696828689
20072,0.7597042246527326
20073,0.9170117419565589
20074,0.017257048084886355
20075,0.7399012661468054
20076,0.5977652418046179
20077,0.046871915188588874
20078,0.7738479424744577
20079,0.6891043224673542
20080,0.7773843953429753
20081,0.6764506106839788
20082,0.8860138367061293
20083,0.25047351592158684
20084,0.032517786512425574
20085,0.021183374156740462
20086,0.017585068222640703
20087,0.02427070713102246
20088,0.41446669712226464
20089,0.019368883814975417
20090,0.33101106198526026
20091,0.7944122931593851
20092,0.6370112954024895
20093,0.665117385358938
20094,0.4843670560682928
20095,0.06123100802031158
20096,0.7016926564241439
20097,0.019526154679785596
20098,0.6235131604386435
20099,0.016588613084516635
20100,0.35626498460713757
20101,0.01749399981520383
20102,0.019880083852325453
20103,0.547304652906824
20104,0.024840101520509392
20105,0.013776940616422203
20106,0.8710568423259665
20107,0.6879413655416717
20108,0.7686329704241084
20109,0.7850328547910619
20110,0.22501185392021128
20111,0.0193255564541706
20112,0.7203161859313078
20113,0.6597471584286422
20114,0.018994369515831788
20115,0.5879687991143957
20116,0.10467201431855053
20117,0.8553452919630691
20118,0.14907888433117172
20119,0.030247298314215406
20120,0.7776497604283351
20121,0.7010628755156344
20122,0.24648443533666123
20123,0.2971397067386552
20124,0.016107370504083195
20125,0.2029338986469544
20126,0.4438108740581964
20127,0.26378078035732383
20128,0.864174439959638
20129,0.8957583686971375
20130,0.40920198837383176
20131,0.7771846722313815
20132,0.01701692477781878
20133,0.014595603294563686
20134,0.47113081131808626
20135,0.01976473952924978
20136,0.020946702876913217
20137,0.02056341743450599
20138,0.048986765426814224
20139,0.755486842987944
20140,0.916777979420974
20141,0.013706087699389585
20142,0.48140791492748336
20143,0.47869715569464466
20144,0.05256804857590295
20145,0.6459445061435977
20146,0.39117595283880185
20147,0.7157862249444407
20148,0.016364881462929658
20149,0.7009864276556754
20150,0.8819513236611064
20151,0.5190491947297957
20152,0.735729092919273
20153,0.0194840528612997
20154,0.030552879459790405
20155,0.02671488145924
20156,0.4674053668590635
20157,0.04791226623158523
20158,0.029401084177729554
20159,0.07342372937559691
20160,0.6989266746858364
20161,0.27609507098374475
20162,0.7622880114142302
20163,0.8658111461515253
20164,0.6402122449521656
20165,0.5573172542105194
20166,0.036884445795614756
20167,0.022164907460099022
20168,0.020009060984058913
20169,0.6616778006015186
20170,0.017913503767312187
20171,0.3703567103554246
20172,0.6019464782587984
20173,0.5835348147800193
20174,0.5123510865221577
20175,0.596409617189863
20176,0.01681934902960463
20177,0.015615552529671253
20178,0.845146420097182
20179,0.027159534965057137
20180,0.02211807081897017
20181,0.44420690821154
20182,0.7034862862314004
20183,0.015668146835486323
20184,0.5056122978632089
20185,0.011935070457216758
20186,0.5375329509159095
20187,0.5059778972425849
20188,0.03145992122715318
20189,0.759171157856535
20190,0.6905457418310994
20191,0.027181207859657754
20192,0.4180794173038501
20193,0.1387282484858809
20194,0.06714610116968193
20195,0.018327473326752827
20196,0.0838492763311344
20197,0.012704570701405434
20198,0.67663663993878
20199,0.8015792764632957
20200,0.6186787336660432
20201,0.046149079913473126
20202,0.44107533674246524
20203,0.028030844313146775
20204,0.02134801034629716
20205,0.7129290854520152
20206,0.44561691680562987
20207,0.03794817653896638
20208,0.016997191996778863
20209,0.21362433011664442
20210,0.014387816597579269
20211,0.6188561071495595
20212,0.020655080498075955
20213,0.8873283473737734
20214,0.5003922577732236
20215,0.30505873966652247
20216,0.06694347427905534
20217,0.6708470936619406
20218,0.4874137956982632
20219,0.8146751045069914
20220,0.6717700561529848
20221,0.4769518891306058
20222,0.7891819870644777
20223,0.04441569987478418
20224,0.014013652294693587
20225,0.7019267724213915
20226,0.0250750683284696
20227,0.015775319045962348
20228,0.13739665443668592
20229,0.06309342660650245
20230,0.7734051188301386
20231,0.90249890444899
20232,0.5440267486118966
20233,0.02401290900689073
20234,0.037958339082214736
20235,0.674849347692139
20236,0.6829515832902661
20237,0.6910571313519813
20238,0.5786435151139537
20239,0.029318929679797018
20240,0.014488047559886277
20241,0.015112560576686848
20242,0.23973103946485783
20243,0.373933814162492
20244,0.02592327005902707
20245,0.8578567938062667
20246,0.27345141395559885
20247,0.5629461242636763
20248,0.6625945672319555
20249,0.2879799456286294
20250,0.8790531693353502
20251,0.8289255082236442
20252,0.018021251329350785
20253,0.29221285400074726
20254,0.08969358343846519
20255,0.43254572701504396
20256,0.7418151873468237
20257,0.7886523122494513
20258,0.015347566016972528
20259,0.0801864135576883
20260,0.714237117348925
20261,0.8522678049311833
20262,0.015631374598601113
20263,0.6617585626843667
20264,0.27318137250863544
20265,0.4911614262412656
20266,0.29157543041873724
20267,0.49968626207200795
20268,0.5093521742977706
20269,0.02126269957045207
20270,0.6155548413732436
20271,0.5334577668283174
20272,0.019844982124825862
20273,0.6529961239229227
20274,0.8811132778716315
20275,0.6463156592364702
20276,0.08336991768091684
20277,0.8486057690195332
20278,0.7624289611540744
20279,0.04506649459747295
20280,0.7992415257377627
20281,0.30736897745420927
20282,0.49216589822794704
20283,0.6487518379866266
20284,0.6353041699408268
20285,0.8092635861683629
20286,0.016639739392439717
20287,0.6835955927811934
20288,0.832453900008757
20289,0.016728554650834563
20290,0.7416344059083689
20291,0.7287969624863878
20292,0.7377986815938332
20293,0.34541243427210566
20294,0.014975471560752214
20295,0.017377962072756402
20296,0.8240163533399344
20297,0.6599656665803311
20298,0.10099155655193995
20299,0.3145962233481674
20300,0.8892054811732111
20301,0.48624382212501055
20302,0.013470685018904912
20303,0.8004852847404815
20304,0.7983967883100019
20305,0.6373821646689733
20306,0.09045991191945078
20307,0.49205417437916843
20308,0.7897680524494393
20309,0.5390338954900726
20310,0.6145757250277152
20311,0.014784412219699554
20312,0.6081038427538519
20313,0.029188742146735173
20314,0.777515220780238
20315,0.012944922960470928
20316,0.03742895498959765
20317,0.1047785885677185
20318,0.5289182352563537
20319,0.01208892156358149
20320,0.6363113044894582
20321,0.45123300220746043
20322,0.700196157403387
20323,0.037842601320612713
20324,0.027288364157844778
20325,0.014364849532122389
20326,0.12079717829633178
20327,0.020667502478220492
20328,0.014831239992495762
20329,0.06445960048581365
20330,0.01276419156177744
20331,0.6461827082928211
20332,0.9044105672724689
20333,0.16204263142408953
20334,0.8731141904619367
20335,0.021015597926020365
20336,0.5837991178635495
20337,0.6677928197490015
20338,0.8116689735824935
20339,0.5462044635231428
20340,0.581402729819652
20341,0.020044687576476265
20342,0.013786976971976969
20343,0.6511610291971488
20344,0.8194893080984067
20345,0.016849389631969348
20346,0.2853380510535596
20347,0.9237783234489679
20348,0.8705925703748598
20349,0.8388475359068019
20350,0.8530041983116403
20351,0.5756028437565287
20352,0.01641123770297032
20353,0.42246867865394255
20354,0.6776714896482442
20355,0.6855566914268924
20356,0.7867651863705443
20357,0.3966859748171
20358,0.021190456855015142
20359,0.9374695252974256
20360,0.027790783172306436
20361,0.028533810082095032
20362,0.8129700377774052
20363,0.019338147565621525
20364,0.7820446435324045
20365,0.0912384990635757
20366,0.4796598402616641
20367,0.24262191516993786
20368,0.7388439656050642
20369,0.03621978699661655
20370,0.023232647119942412
20371,0.7286365997913683
20372,0.010983228478344681
20373,0.8158963022728616
20374,0.01624788415218171
20375,0.022760416600169423
20376,0.5563200209473029
20377,0.29893653773831824
20378,0.15196841511134573
20379,0.021294575488651227
20380,0.17451973531399123
20381,0.42712071495911125
20382,0.7162880396090062
20383,0.012792050154551213
20384,0.3047606879757635
20385,0.5673355021125681
20386,0.03804043341308382
20387,0.3744310550743994
20388,0.5032288040466789
20389,0.01341879679115432
20390,0.023270872097705703
20391,0.642990419062796
20392,0.8177688341022499
20393,0.658946892572297
20394,0.8865599401181983
20395,0.5341844135292825
20396,0.3766051567279314
20397,0.5044638459962758
20398,0.6681465414266232
20399,0.734879631687716
20400,0.6109840076810916
20401,0.9011918562585267
20402,0.027125223804865876
20403,0.08491829860933184
20404,0.6104236028996184
20405,0.05142726639682775
20406,0.7424457619401786
20407,0.8943938762381722
20408,0.34820899536402755
20409,0.030741398707929118
20410,0.025224903348547833
20411,0.7260565102625891
20412,0.02183027163225018
20413,0.6661456425410466
20414,0.013140256927754434
20415,0.5725326016653874
20416,0.013824541063408996
20417,0.6138321024087166
20418,0.013375890492840499
20419,0.019458188245539285
20420,0.021898511456876678
20421,0.04643007077940131
20422,0.06852101848692793
20423,0.7469662320374512
20424,0.02707448786207037
20425,0.7513884067487608
20426,0.704228974058154
20427,0.48449148522322777
20428,0.8912564369039342
20429,0.7185112223306821
20430,0.617323001039326
20431,0.3973446315728862
20432,0.013061467248921975
20433,0.014942405951495775
20434,0.7949999541027755
20435,0.01759016440620918
20436,0.558467547284354
20437,0.034374316449056586
20438,0.2055123704776071
20439,0.01641894687160076
20440,0.040588563776820845
20441,0.02315585088272274
20442,0.7935013236068114
20443,0.774308032482757
20444,0.2944938240882809
20445,0.012392609538859381
20446,0.46419075609158844
20447,0.04092105838694351
20448,0.9178705529853739
20449,0.46099628605651066
20450,0.018993625769873745
20451,0.6331597048903415
20452,0.021608698357903914
20453,0.5742882270474475
20454,0.019452253641903172
20455,0.5731943045129635
20456,0.1542119203508115
20457,0.03186573559891575
20458,0.03442411154185363
20459,0.01318170089054946
20460,0.012861417365682562
20461,0.013298133998528578
20462,0.4146998740658252
20463,0.26245710827203683
20464,0.6609107317604636
20465,0.9463989442801487
20466,0.7952319279875187
20467,0.028930723538611928
20468,0.026858904353001947
20469,0.09006575190738689
20470,0.71764972089757
20471,0.6552242429640047
20472,0.9177472908763968
20473,0.7478625476874753
20474,0.05164207854437661
20475,0.038257344635269495
20476,0.7509337986712201
20477,0.6741555559052511
20478,0.04679386707483264
20479,0.35692076022664404
20480,0.02309217064251991
20481,0.5628191575199359
20482,0.22590492216360974
20483,0.014998338702075816
20484,0.5077296311827018
20485,0.6690182118681179
20486,0.7718527422424686
20487,0.44549235910087503
20488,0.6116809374807552
20489,0.4472512091692421
20490,0.04934449420626139
20491,0.6824597306714749
20492,0.02519616738943382
20493,0.678087413465963
20494,0.6708849987499136
20495,0.6299147739317219
20496,0.30567812901688163
20497,0.012699672174490707
20498,0.3382183064418494
20499,0.6793319696599617
20500,0.4605664293891888
20501,0.6639140590780154
20502,0.01490188904719842
20503,0.03577529173809227
20504,0.6121863824206637
20505,0.026529678694663873
20506,0.6355795397854842
20507,0.4841286392493017
20508,0.021300781478033104
20509,0.8825181187338118
20510,0.1974112465774141
20511,0.5395972355994598
20512,0.24670862804127533
20513,0.6568434119912814
20514,0.8788228350852606
20515,0.020563402558921216
20516,0.32041012585715534
20517,0.7591196715211446
20518,0.012298349795852306
20519,0.019061816151880493
20520,0.6212518088887286
20521,0.0947411817958053
20522,0.03304264005871149
20523,0.7099215046230352
20524,0.7867937343861208
20525,0.7733978832599046
20526,0.03572727502845252
20527,0.9213085098522413
20528,0.8064236515198195
20529,0.4581037464465481
20530,0.904392181801263
20531,0.21241952686065887
20532,0.7434212978227466
20533,0.9385040432042092
20534,0.6042738914790914
20535,0.38814640199015193
20536,0.8426687742562645
20537,0.01446413138211506
20538,0.9132341935469979
20539,0.7597762749412794
20540,0.040284733495486454
20541,0.22180507171856223
20542,0.027188844046811444
20543,0.029836112727183905
20544,0.580627443840756
20545,0.6010427287656698
20546,0.027166421688130066
20547,0.016193408755169815
20548,0.6629463086310073
20549,0.7645545389373313
20550,0.16356802822302674
20551,0.01315336992802869
20552,0.013163857123213645
20553,0.3822957301056039
20554,0.5353021476679364
20555,0.7926220822121466
20556,0.7383540024533887
20557,0.8386206646197683
20558,0.02463258918560814
20559,0.02735271457938901
20560,0.6892112874921691
20561,0.23247611502893864
20562,0.7932516863104332
20563,0.013073623780840588
20564,0.6104126767619531
20565,0.023155591856988098
20566,0.419514163321593
20567,0.48611126661363285
20568,0.02653884779638846
20569,0.024302770829230387
20570,0.028713122314148885
20571,0.02213673926680652
20572,0.45512622547076076
20573,0.3902805826537281
20574,0.6266522531609555
20575,0.01770112250623259
20576,0.9301154670921145
20577,0.7535770348947705
20578,0.7115045097303169
20579,0.3752039087501898
20580,0.01263477207359853
20581,0.03889272608350046
20582,0.8596427377682531
20583,0.6843034743672168
20584,0.6540089713440381
20585,0.03147277870920116
20586,0.017281463551666664
20587,0.47519646796016524
20588,0.011811872056027517
20589,0.014710455570591951
20590,0.45859568873725354
20591,0.02433872632911117
20592,0.2669775060012698
20593,0.44313787856283987
20594,0.01898683729578089
20595,0.7088899303301777
20596,0.1871526870012222
20597,0.6049923128579054
20598,0.6367743270080153
20599,0.10127349875411563
20600,0.35839337272616323
20601,0.03816228095613493
20602,0.016404497046176497
20603,0.5835062856696612
20604,0.633704489961653
20605,0.029268355681754347
20606,0.03251033368827645
20607,0.015364435386916144
20608,0.5526044448404651
20609,0.5993452230945955
20610,0.8756960445719338
20611,0.011837596445127246
20612,0.889554966894384
20613,0.01504493393527441
20614,0.8465070758187603
20615,0.9349978649502887
20616,0.9560651399750304
20617,0.8520356761122522
20618,0.0121471887266492
20619,0.6985680335620476
20620,0.3432382553606387
20621,0.40211087707432014
20622,0.8485893335919005
20623,0.01399022945473768
20624,0.848610534034205
20625,0.35341855261644417
20626,0.5416575937748316
20627,0.7618432947327096
20628,0.0577093556426241
20629,0.15388808794249054
20630,0.3573107322645096
20631,0.739422468781214
20632,0.021364526820320712
20633,0.4547417947054573
20634,0.8418859427155005
20635,0.06244825242847075
20636,0.018176628192977773
20637,0.654758571770936
20638,0.4950634451640996
20639,0.02278474999325511
20640,0.01583917793031323
20641,0.6598411647557094
20642,0.05531431493724998
20643,0.22771342173866355
20644,0.3353611065650753
20645,0.026488495432195617
20646,0.01556145483939923
20647,0.34169226650556433
20648,0.1573141732720709
20649,0.01742546275697912
20650,0.7943269574316656
20651,0.7113725287985561
20652,0.012913372793528608
20653,0.022262765583378318
20654,0.31927338808179223
20655,0.8617961410250621
20656,0.6244131973288624
20657,0.20433726822372136
20658,0.7414161888159269
20659,0.1307906218151321
20660,0.013500050532406691
20661,0.014171225230115892
20662,0.6786163796032261
20663,0.6364301920294257
20664,0.01769646960526243
20665,0.7113561482445322
20666,0.012694718625619656
20667,0.4267799738508055
20668,0.31195689236277896
20669,0.6454015239692439
20670,0.016666293714094615
20671,0.7783644600205843
20672,0.6366181952652318
20673,0.053259110072452855
20674,0.43530832516525464
20675,0.0138555017056686
20676,0.6285642925470708
20677,0.06486907606950822
20678,0.8659065279536253
20679,0.01677535287276035
20680,0.013314676024348548
20681,0.8044638846959828
20682,0.21129008398862106
20683,0.01758501991535941
20684,0.6743621619269634
20685,0.6074436178555402
20686,0.016135817846533253
20687,0.8068034909424258
20688,0.7167923718900931
20689,0.01276334961274857
20690,0.044645182437013584
20691,0.03206623653214304
20692,0.03893982884212045
20693,0.8607132623250274
20694,0.7926848637415613
20695,0.43220168156956135
20696,0.6665695942679875
20697,0.25406588382484646
20698,0.38655481045894297
20699,0.6857231190594819
20700,0.027133147728412084
20701,0.01386494477268679
20702,0.06646208285950052
20703,0.5090211714601341
20704,0.02106635983356296
20705,0.04805048409110403
20706,0.019282595605746272
20707,0.01419096115573823
20708,0.014537857553501567
20709,0.6361787524255407
20710,0.8672026069042258
20711,0.028922749019963452
20712,0.8942947489711396
20713,0.28095388127397725
20714,0.03813736594585859
20715,0.7718518691332015
20716,0.03178623453193322
20717,0.011624205664343516
20718,0.30919379982172596
20719,0.038102096027294814
20720,0.2272864227315924
20721,0.5845063714888156
20722,0.46210912621835865
20723,0.022533129369060694
20724,0.7388065217222763
20725,0.8870141259766717
20726,0.5237598655130153
20727,0.3802750922765726
20728,0.02187768236003905
20729,0.4129351419106734
20730,0.02337145410399382
20731,0.7266445287407974
20732,0.2685174047958543
20733,0.6383686171900629
20734,0.2774279431539752
20735,0.8939877683589224
20736,0.8239470944219647
20737,0.5791306173096743
20738,0.01672859057547171
20739,0.4696319224016819
20740,0.9068557606646938
20741,0.017687160941561465
20742,0.11594582394594473
20743,0.05051827516314315
20744,0.012868543320640767
20745,0.12285156347465939
20746,0.012050383447310532
20747,0.9122190033324347
20748,0.30405586359113146
20749,0.7363100213845947
20750,0.021837843129181363
20751,0.6606613408432345
20752,0.6884053353815929
20753,0.5394967873962222
20754,0.031305000662458865
20755,0.6397554107550879
20756,0.012495322132956607
20757,0.3587578838429378
20758,0.48171594221206254
20759,0.4704337719756162
20760,0.012137001003484848
20761,0.014047788608004536
20762,0.019507137435154195
20763,0.46011961388670186
20764,0.8059522318291583
20765,0.8450242275772253
20766,0.023763390684612723
20767,0.5753592637047383
20768,0.5732033327224683
20769,0.5781025291747108
20770,0.8546665447537503
20771,0.6960111025158325
20772,0.6781374705369335
20773,0.03966614808479126
20774,0.8456252191163951
20775,0.014148841381680738
20776,0.11352141316626277
20777,0.5281776826316514
20778,0.029784584754606103
20779,0.022012900833259436
20780,0.4795166770866984
20781,0.7337691136865119
20782,0.5543941166512716
20783,0.0345757698992823
20784,0.04482164871495352
20785,0.017636485505688387
20786,0.7472802616738894
20787,0.6300838770483299
20788,0.056103783497814766
20789,0.6401609989490337
20790,0.45094407323951846
20791,0.3384264396511549
20792,0.023832968348428622
20793,0.6516480388039928
20794,0.03219189419418491
20795,0.8777076906806326
20796,0.9186373845746312
20797,0.01250655557330437
20798,0.12327419698471115
20799,0.48566906681241584
20800,0.022708905235794
20801,0.026897408447302297
20802,0.9425214327820499
20803,0.04695591327672472
20804,0.04332775019503612
20805,0.028673234288961465
20806,0.8042125964220186
20807,0.2786989212624704
20808,0.024258647083109718
20809,0.013244587977590535
20810,0.03215498637595515
20811,0.8865771963667293
20812,0.8948704236523255
20813,0.25245891956392247
20814,0.8397140216563113
20815,0.013715251701882286
20816,0.06506238527384865
20817,0.024316275947493794
20818,0.06562297441065838
20819,0.018508508786006416
20820,0.6488164075865469
20821,0.020726766511651097
20822,0.8508247543357014
20823,0.683707264534623
20824,0.44948684539452455
20825,0.7237364893757859
20826,0.6110034062961562
20827,0.4992682219593762
20828,0.025979486693232925
20829,0.049670336084524806
20830,0.8172158592346255
20831,0.027583594800662508
20832,0.17011409086196744
20833,0.5772219128863207
20834,0.33776576095976957
20835,0.627125554188194
20836,0.6741108235697302
20837,0.7954177042487584
20838,0.36243276105828826
20839,0.5723496706635197
20840,0.13887124994979835
20841,0.07282457469930752
20842,0.7708016766030139
20843,0.012253258934316415
20844,0.017723459850753798
20845,0.2807227587510599
20846,0.02540345127133566
20847,0.6671329695405329
20848,0.018747230553584487
20849,0.04253491346785632
20850,0.7333145955707587
20851,0.020357835799260707
20852,0.020467488169462374
20853,0.7498001088870496
20854,0.7831058721607194
20855,0.7199322569558814
20856,0.2309451096354872
20857,0.022205112547436144
20858,0.04055963752045671
20859,0.7681425573579684
20860,0.7149520406828361
20861,0.7764636334504629
20862,0.8489929393832274
20863,0.7559961675444999
20864,0.3494499426403525
20865,0.027929342513181462
20866,0.35014009681692826
20867,0.5154360712425315
20868,0.6098924822962623
20869,0.018201288905399262
20870,0.0643243445380358
20871,0.018018274734821104
20872,0.6485106556032406
20873,0.47736149961098573
20874,0.013419418275857012
20875,0.02349558467070476
20876,0.10416877922921364
20877,0.6983214779590391
20878,0.024247711590390502
20879,0.04678810530192452
20880,0.015338986441810677
20881,0.7878215659937929
20882,0.6868524566446261
20883,0.0483445971769773
20884,0.358126368167421
20885,0.01591986219785331
20886,0.6526321175719506
20887,0.028337830015686762
20888,0.8175484764166814
20889,0.5433677646911997
20890,0.6616452433154839
20891,0.030939441072245052
20892,0.6752519401090932
20893,0.2461476926723834
20894,0.4827672573920769
20895,0.778794313737683
20896,0.04434755367620173
20897,0.6533154842900979
20898,0.6261384632867468
20899,0.569437820109501
20900,0.7349332273898794
20901,0.08519160178927664
20902,0.2900586244389874
20903,0.7793861050793363
20904,0.016717898199871746
20905,0.1058950565161857
20906,0.69335563532042
20907,0.6675047792683462
20908,0.5719134568514443
20909,0.4369985479248013
20910,0.5174887565545337
20911,0.27739407470405414
20912,0.39475054822327454
20913,0.04060261172587685
20914,0.024182484154736183
20915,0.8961819776097902
20916,0.014960262632302686
20917,0.8299093997112864
20918,0.032567428950757815
20919,0.5657981029914565
20920,0.7641491853555339
20921,0.613235308138913
20922,0.8454602135985267
20923,0.04184725975389436
20924,0.05277435692356688
20925,0.8523216260700069
20926,0.775105154434802
20927,0.8099666886285346
20928,0.1582399112650588
20929,0.028660355654569578
20930,0.4146202133281762
20931,0.8782236259954244
20932,0.029171684168825505
20933,0.8403141811656825
20934,0.4953823901633144
20935,0.43247901265569133
20936,0.48595908102005
20937,0.07202112904619751
20938,0.7247060225850461
20939,0.038116304382898
20940,0.8690049674595502
20941,0.8516034673577489
20942,0.5865704613822369
20943,0.35155448396960864
20944,0.8268565287075043
20945,0.5050299668802067
20946,0.15931983535607377
20947,0.042728404283195125
20948,0.7665434263724651
20949,0.035043390930520044
20950,0.08374737876360663
20951,0.01650401692280392
20952,0.6869393006380085
20953,0.6486109202617946
20954,0.5149775037621034
20955,0.011815597205349174
20956,0.014177725949261906
20957,0.6116993013793472
20958,0.7731181300426971
20959,0.22593991262891888
20960,0.8621675376430126
20961,0.8186190243174999
20962,0.02183704104504251
20963,0.03623972688553396
20964,0.042475337298153906
20965,0.2520939292101592
20966,0.7332336299856624
20967,0.012942988517421337
20968,0.5460071256937314
20969,0.5893119394432075
20970,0.013588665136287119
20971,0.7038381458098395
20972,0.0121778628153232
20973,0.06259240179090529
20974,0.6984157865583462
20975,0.8114211585683107
20976,0.3341225514143199
20977,0.8554517242913693
20978,0.7948649378539736
20979,0.030886306389749825
20980,0.4126530045843279
20981,0.03466894522664687
20982,0.031188668471918087
20983,0.37099056151935755
20984,0.907260559163116
20985,0.6237522898453811
20986,0.017081417198688175
20987,0.8400847068996579
20988,0.1370039981842164
20989,0.6825494264519332
20990,0.025530649684042096
20991,0.049271072485302325
20992,0.11275062619016887
20993,0.3847932162612948
20994,0.023456108296656914
20995,0.03507961665346223
20996,0.8011160204113681
20997,0.7270612991434046
20998,0.8444630495683371
20999,0.18614775283625998
21000,0.013759298519401218
21001,0.15001889093764229
21002,0.03354318961630272
21003,0.3963105445639019
21004,0.4719148474210671
21005,0.03971373513984194
21006,0.025447377283269058
21007,0.6835182910912133
21008,0.47364965616537075
21009,0.809915428040282
21010,0.5083633231005613
21011,0.050661052643875694
21012,0.7771288040108263
21013,0.015228131764051502
21014,0.10520725200978959
21015,0.4431984148635884
21016,0.4132115993994481
21017,0.8565982377048319
21018,0.5617423635226215
21019,0.02686108748249891
21020,0.8274422297824221
21021,0.30360473866703397
21022,0.11896071299582918
21023,0.6936913897251622
21024,0.025358505221020053
21025,0.5748402019246153
21026,0.713183455638455
21027,0.5613595782128321
21028,0.9248222009019187
21029,0.8079492891996747
21030,0.7085882240054114
21031,0.5598404157405568
21032,0.5917458565641872
21033,0.013522171266660159
21034,0.026169786385400996
21035,0.02353343698616418
21036,0.15131954794663954
21037,0.8631021674393236
21038,0.6607457627349814
21039,0.010357088687059122
21040,0.9199890139258263
21041,0.10343063529803799
21042,0.7400273054000217
21043,0.2911897397031326
21044,0.7214261822300191
21045,0.5297212472352876
21046,0.22763270740530414
21047,0.03905669141514914
21048,0.7349837777807102
21049,0.02469373212027398
21050,0.851528183813032
21051,0.04809659093913891
21052,0.23140998144181646
21053,0.021566721132565688
21054,0.7447153195787768
21055,0.012326201045199396
21056,0.4350235393912996
21057,0.3514519684936425
21058,0.8908094196076837
21059,0.6527142405453115
21060,0.10182033892202677
21061,0.03420471195206515
21062,0.6790353801493602
21063,0.012763676176173258
21064,0.014164684985331834
21065,0.027313040176542406
21066,0.3245298744367546
21067,0.025826541052586065
21068,0.8336132483082676
21069,0.57099318850227
21070,0.08456192929655108
21071,0.8273383618751607
21072,0.5929747620867042
21073,0.043399039839362635
21074,0.906518368836532
21075,0.41484506210198274
21076,0.5963483666239816
21077,0.0431158745033999
21078,0.7206543272587681
21079,0.7986734761234412
21080,0.7015211412324722
21081,0.7546280556052406
21082,0.6538664294761377
21083,0.030571434188390128
21084,0.6531347382468095
21085,0.0825085616719459
21086,0.6660753013448433
21087,0.011136486692414762
21088,0.8486929026104888
21089,0.3260489473036579
21090,0.7021896570354027
21091,0.7863388641408953
21092,0.019901000302561294
21093,0.6304759593411252
21094,0.010505523097657184
21095,0.7359495378573808
21096,0.03406457966533597
21097,0.42385999287852283
21098,0.19302684898893435
21099,0.6502406594003464
21100,0.6585249460180465
21101,0.26831587774881077
21102,0.8092884298729651
21103,0.5446051520657863
21104,0.6554564655344044
21105,0.5385257238649809
21106,0.19779181643262395
21107,0.014306592671434288
21108,0.6369205343275117
21109,0.683349238132995
21110,0.01977782190200317
21111,0.01642613292403733
21112,0.2970114460019366
21113,0.013870793815523459
21114,0.5476460579274661
21115,0.6320527595850244
21116,0.013432923044846123
21117,0.5982683135798619
21118,0.894262959839202
21119,0.6440208209976538
21120,0.024510042469543504
21121,0.6323127857919383
21122,0.6756971767326941
21123,0.021022815246370927
21124,0.020602773035758443
21125,0.6649984755371839
21126,0.030416918501263844
21127,0.06112204207782613
21128,0.5832468460271069
21129,0.0144241030884555
21130,0.03303871704454369
21131,0.10704026318561391
21132,0.10436604856994003
21133,0.018147354868106275
21134,0.3871111205252929
21135,0.025671424651744428
21136,0.12318466513032547
21137,0.2578833735731867
21138,0.2505015185337377
21139,0.6283973173031924
21140,0.013740910512818979
21141,0.36664485644936523
21142,0.4973723246594192
21143,0.6340697625663839
21144,0.012874957178109879
21145,0.8582672394897711
21146,0.027912778608981018
21147,0.025801788472967345
21148,0.7076253019220936
21149,0.8500823627874865
21150,0.5540065043829586
21151,0.5546559003516629
21152,0.38926103555440844
21153,0.3750711920434147
21154,0.5609291785810181
21155,0.5534866682146551
21156,0.014130194484892373
21157,0.3625542884124666
21158,0.01193891804119009
21159,0.8324862698706669
21160,0.3422887930122031
21161,0.4247083954900704
21162,0.5586114114036705
21163,0.02069149639172317
21164,0.35442817950901506
21165,0.024331864533444512
21166,0.04060174646812756
21167,0.49573766386935214
21168,0.025095931333727735
21169,0.9128212210858196
21170,0.041291477317325735
21171,0.5803726290566193
21172,0.6562089397240667
21173,0.6019057862149614
21174,0.38021244843626967
21175,0.024348419251708112
21176,0.5307787615957775
21177,0.016061355684077905
21178,0.7581949218448664
21179,0.3022126964491597
21180,0.08092972217814748
21181,0.2325805419688578
21182,0.17796221963946338
21183,0.3320805891714579
21184,0.1088476209793035
21185,0.2216426357835134
21186,0.26341948911367524
21187,0.012117922002797729
21188,0.7870753621689818
21189,0.5636854621679535
21190,0.7011162797921205
21191,0.0885574824882956
21192,0.13524202430627552
21193,0.8628140030245726
21194,0.01990729490497916
21195,0.8709410117334848
21196,0.014299075297235342
21197,0.023986455463468396
21198,0.7404887307346071
21199,0.7244735197589314
21200,0.017642141768845397
21201,0.440998032080521
21202,0.28778552740339425
21203,0.39273670054271304
21204,0.04942402799030642
21205,0.7371380908687938
21206,0.25124430561648825
21207,0.763875145903114
21208,0.02423911008103178
21209,0.6928479274221058
21210,0.8832224275714687
21211,0.020853727915386287
21212,0.01955466070377538
21213,0.6100438601750531
21214,0.021633671368676846
21215,0.9162300072529074
21216,0.7454626960311992
21217,0.0246293412977477
21218,0.5708050056310884
21219,0.27235540037137884
21220,0.16011413692528226
21221,0.06056367987857578
21222,0.6270097964207982
21223,0.6812039620158999
21224,0.042032094587585306
21225,0.40730362115458396
21226,0.7420275769709093
21227,0.3872850151134729
21228,0.4133832153134102
21229,0.8091894303104487
21230,0.019827482235563774
21231,0.013007712733966155
21232,0.01704734309267528
21233,0.25700012933910177
21234,0.33664789546107204
21235,0.03150295803962617
21236,0.579069705364697
21237,0.15816597548722264
21238,0.024618624587118203
21239,0.04321023710292146
21240,0.6878818880515865
21241,0.014252314745588761
21242,0.020735120410781335
21243,0.024648333318898083
21244,0.032960726994175564
21245,0.01562836928186262
21246,0.6928527906696631
21247,0.030402997077537453
21248,0.024653063363187074
21249,0.01375433228862237
21250,0.7076346736448632
21251,0.6869849049313116
21252,0.7562204602570517
21253,0.012561108545597466
21254,0.858681284916725
21255,0.06049532462584219
21256,0.01361524912752075
21257,0.014487929043397114
21258,0.035417717130314316
21259,0.026716346091381703
21260,0.02009861931676978
21261,0.07164363664480625
21262,0.03137531443936338
21263,0.6900144409862261
21264,0.3673466163399283
21265,0.6587887102641267
21266,0.5455199103529235
21267,0.03402073740393004
21268,0.8939971967261641
21269,0.4110397132133781
21270,0.40832363244071634
21271,0.8302043318337055
21272,0.8083302206244434
21273,0.7595258209158392
21274,0.8839421267650314
21275,0.8517055881022628
21276,0.6111786812443263
21277,0.0175589759781881
21278,0.04268876811220675
21279,0.6501614019633365
21280,0.024043118317378428
21281,0.47498403194787786
21282,0.021447212320467306
21283,0.472348278506725
21284,0.905401091928489
21285,0.737300658100481
21286,0.03000533190891755
21287,0.042891251588577595
21288,0.7811753621125371
21289,0.04719134231660873
21290,0.4931384375582947
21291,0.25250666522081844
21292,0.0159202629545895
21293,0.8150973248653681
21294,0.5582237452738733
21295,0.01822045974837242
21296,0.49895962496679
21297,0.08360194283705218
21298,0.7555956370107727
21299,0.7195071623723578
21300,0.017145293894517116
21301,0.5396229821548417
21302,0.026126844306677555
21303,0.23181941589319816
21304,0.09196563814210641
21305,0.43697938250915497
21306,0.015174910933523205
21307,0.6836384130167906
21308,0.013539013873168318
21309,0.4049452870117453
21310,0.03759248156357547
21311,0.22126796826787876
21312,0.801084310729476
21313,0.8940869866367289
21314,0.7484358289742582
21315,0.016432298052296405
21316,0.8479863837520591
21317,0.2667340486637496
21318,0.10368357351281132
21319,0.03664558277590485
21320,0.014066084142054923
21321,0.6173429342017038
21322,0.6996996623261907
21323,0.281575382451585
21324,0.810301452257909
21325,0.01384411973404956
21326,0.8307239788909125
21327,0.578983857323815
21328,0.02707615800662273
21329,0.02028747317466896
21330,0.9303318451903376
21331,0.04832826076495032
21332,0.6510842094028112
21333,0.6126619407661874
21334,0.021020722075865104
21335,0.7062052799897846
21336,0.7606944677270915
21337,0.3087644996993603
21338,0.06023363495605926
21339,0.021929493112569965
21340,0.4223220036572541
21341,0.027712162591982694
21342,0.8654083777367405
21343,0.6401632726536708
21344,0.8152610395284872
21345,0.6131797430411062
21346,0.7760506349991753
21347,0.42031015670686694
21348,0.013197223286841068
21349,0.6135151250214401
21350,0.7156494344471622
21351,0.5151273166951276
21352,0.03580249751101519
21353,0.7742920126790863
21354,0.022950754779993147
21355,0.019915214353566593
21356,0.021221732386208832
21357,0.38558608570269876
21358,0.02119136903613737
21359,0.5013371206630143
21360,0.059107693194288255
21361,0.7161378301349114
21362,0.22515421940405256
21363,0.01580970631226725
21364,0.022652172050177888
21365,0.8584900615229817
21366,0.05913260278945004
21367,0.16432490698901847
21368,0.455879023432767
21369,0.7462649891953888
21370,0.05117538665988089
21371,0.749181542016936
21372,0.7738452889313112
21373,0.4236333486639385
21374,0.8563282790233886
21375,0.4474225973092329
21376,0.0134217683444426
21377,0.03615850959678631
21378,0.07976051305083694
21379,0.05854227803785969
21380,0.6201581777672084
21381,0.7935624104527168
21382,0.027814348859437177
21383,0.8034150255746046
21384,0.013377678773525695
21385,0.7122968071135776
21386,0.7745121106060072
21387,0.012846665023561217
21388,0.016005745612157715
21389,0.8737824998313277
21390,0.396484197283918
21391,0.029908790407480745
21392,0.657776366270485
21393,0.4247076032804413
21394,0.57311823799625
21395,0.8335740713643603
21396,0.1801702137494085
21397,0.8771398703748231
21398,0.6498053669698043
21399,0.7379104666009303
21400,0.7987742400942214
21401,0.6530077369932911
21402,0.764959911289938
21403,0.6989995909237567
21404,0.7894270253244513
21405,0.6644483887588808
21406,0.13802704529130577
21407,0.3684706049773021
21408,0.044965059356132306
21409,0.42456726151708013
21410,0.5544957939130926
21411,0.3628742875437054
21412,0.48592400121552165
21413,0.0197078692019813
21414,0.023007937474024475
21415,0.05248758548357533
21416,0.01683319301387277
21417,0.8233916824178641
21418,0.1322379193568447
21419,0.5076183978053893
21420,0.2890314645006503
21421,0.5326722469686503
21422,0.06408972235891174
21423,0.050820982376420576
21424,0.7150940970821372
21425,0.01390544172278288
21426,0.6143616369736092
21427,0.8550656907957596
21428,0.9163855270899464
21429,0.8081226247570619
21430,0.0458875277958187
21431,0.013360731671449987
21432,0.8519467980176261
21433,0.4325492161440079
21434,0.872170766719656
21435,0.09603321736823957
21436,0.01197542828736893
21437,0.012871887559639934
21438,0.5987050538780979
21439,0.04619751359703971
21440,0.7947823128491059
21441,0.6574230595363588
21442,0.6953811961280658
21443,0.025950546073646514
21444,0.8856260480503809
21445,0.6508809961585059
21446,0.5256990892730388
21447,0.7816826007910794
21448,0.9417310688593215
21449,0.4438697505358974
21450,0.5230112528972481
21451,0.014465448864316045
21452,0.07857653897340991
21453,0.015056247790578606
21454,0.8326856212549043
21455,0.47465364553552863
21456,0.5053718909984191
21457,0.4322946965694348
21458,0.9153761710467267
21459,0.06483343896805745
21460,0.7468151563148661
21461,0.012163483313137166
21462,0.0119076630097687
21463,0.4352638704264432
21464,0.01366152697731546
21465,0.4100932933555981
21466,0.014144529140617383
21467,0.05985911949147561
21468,0.039004246291641696
21469,0.01691849217137453
21470,0.7481065073437031
21471,0.04185522772003443
21472,0.032986741833584854
21473,0.6923934445856933
21474,0.10640360370020824
21475,0.03726183332705181
21476,0.9258092967502957
21477,0.02125423011667849
21478,0.02916535961585131
21479,0.014774050847126265
21480,0.17337076995632228
21481,0.8788202833713358
21482,0.8195065895437531
21483,0.5680154944525163
21484,0.7710068338851973
21485,0.9347204840893782
21486,0.022494686298535814
21487,0.6424187281192306
21488,0.025396731428581083
21489,0.07626308172061215
21490,0.6245198554415523
21491,0.027263537055611017
21492,0.4040847008195476
21493,0.042089603968102365
21494,0.017964747395510426
21495,0.6892018082805682
21496,0.012656282418197865
21497,0.01707706693013183
21498,0.03285528446586884
21499,0.27926052816579944
21500,0.5789686701304186
21501,0.42628705560819025
21502,0.49769907077967357
21503,0.7134873675212288
21504,0.564902522481971
21505,0.02891709694846438
21506,0.02580231370540497
21507,0.6287966062755016
21508,0.8193457086812133
21509,0.8337134115217043
21510,0.5652386837287481
21511,0.014284118507136043
21512,0.12790809900411793
21513,0.3217884897059665
21514,0.013225897261439516
21515,0.7257797393339838
21516,0.7682336130808781
21517,0.017079188999858747
21518,0.9032249152653359
21519,0.06818967885320039
21520,0.6122006271421981
21521,0.018792931803534144
21522,0.42864439344468375
21523,0.08188488628041482
21524,0.012933316637511637
21525,0.012625237937841718
21526,0.7069376734879287
21527,0.48483890367560273
21528,0.3487623802594561
21529,0.819531474140783
21530,0.7294346965080878
21531,0.6909524146776033
21532,0.04002722360925827
21533,0.4518245046944846
21534,0.0331118291634946
21535,0.7994269710792384
21536,0.6386965519300326
21537,0.013623348551272662
21538,0.015231563706581689
21539,0.8615033023628423
21540,0.35661257930498924
21541,0.7624998314325687
21542,0.13484701249449765
21543,0.038231490602152585
21544,0.026793750048086085
21545,0.41343140516172083
21546,0.5480242236173105
21547,0.017657235234316067
21548,0.06624207586568441
21549,0.017260680525864422
21550,0.8503915524471385
21551,0.07174602518907944
21552,0.36126485131486036
21553,0.48881570819788145
21554,0.2456031778709018
21555,0.6417719786242168
21556,0.020403701312573352
21557,0.7355635715771164
21558,0.2800882277684547
21559,0.2347989599489773
21560,0.01558680663881389
21561,0.029683580688402492
21562,0.031746362768980324
21563,0.5365751917319086
21564,0.5098661026645412
21565,0.01731063272077352
21566,0.6700951350273051
21567,0.16998381474310245
21568,0.03275502602030519
21569,0.7371840605274518
21570,0.032566729763239134
21571,0.07395293259243797
21572,0.02019655067443524
21573,0.015175242299746492
21574,0.47766979634904055
21575,0.9190109280478715
21576,0.7329947794345095
21577,0.0129539812125591
21578,0.04408785529572662
21579,0.11149604929724001
21580,0.03257256205260826
21581,0.11514163800568754
21582,0.5569271965575726
21583,0.5713456235974083
21584,0.5325090630249182
21585,0.7523253733214157
21586,0.4496244820905322
21587,0.026037966170917425
21588,0.012401138056633244
21589,0.011083707309377449
21590,0.020998812483022437
21591,0.04120901554743986
21592,0.017178465178574114
21593,0.3751880132827522
21594,0.5385086174181564
21595,0.04408797653601642
21596,0.3282790193507188
21597,0.04445893887472282
21598,0.020198475681777888
21599,0.01267188678537849
21600,0.20487859541338166
21601,0.024708291437147725
21602,0.8674655138850915
21603,0.017049107232489334
21604,0.7717681218351204
21605,0.015089995002622363
21606,0.013088321213968353
21607,0.3398456901287574
21608,0.014501327990621293
21609,0.8447038449830677
21610,0.7141235185284083
21611,0.013635254116118023
21612,0.05096274740509672
21613,0.7642633284804151
21614,0.5038181365940604
21615,0.5352936871234573
21616,0.056882564012981335
21617,0.5416657769181951
21618,0.5704442600858692
21619,0.3383672104826621
21620,0.7654721428977599
21621,0.6535489599671154
21622,0.38530399125307585
21623,0.31862586309009977
21624,0.5304102766984026
21625,0.5977422616447332
21626,0.019641860542324887
21627,0.03477776459304009
21628,0.0539627221306769
21629,0.5232847552714102
21630,0.49377187654155147
21631,0.867722010597847
21632,0.5047440923459439
21633,0.8534456947422608
21634,0.4934045818804104
21635,0.7852646332133859
21636,0.07492866046746705
21637,0.17209908996836276
21638,0.5224309374520714
21639,0.4389907443548522
21640,0.29399097854209355
21641,0.5288605875138155
21642,0.7440993961543331
21643,0.01646430557291136
21644,0.3415977240564244
21645,0.5028783111453012
21646,0.3371359290894966
21647,0.6808722657207432
21648,0.6279422202395546
21649,0.05642229017952858
21650,0.5663576603847023
21651,0.010413060902590133
21652,0.23025434829617664
21653,0.01982580170409342
21654,0.5790030700795312
21655,0.013627482486410642
21656,0.06318685691608376
21657,0.02030409155189815
21658,0.5066317776917947
21659,0.8799591400150286
21660,0.6632877287857902
21661,0.4781448364761358
21662,0.025155750431482472
21663,0.11938814368888714
21664,0.013079849634340574
21665,0.7143943518519158
21666,0.37123166475106334
21667,0.013953653265038222
21668,0.7806666803693982
21669,0.7687205046603652
21670,0.03555902618676523
21671,0.8140553595569726
21672,0.4644751114880975
21673,0.4468773712215945
21674,0.4479701485541312
21675,0.628546288961811
21676,0.16307927587389293
21677,0.02329936985542448
21678,0.29808843469250423
21679,0.7955688224090786
21680,0.014848244835854169
21681,0.6041562882260503
21682,0.5961211535323069
21683,0.5612728808925725
21684,0.42527718005511167
21685,0.339316739795188
21686,0.032099182433639864
21687,0.06377982683370897
21688,0.014062531732118867
21689,0.01655785338247975
21690,0.26515802226789975
21691,0.01929603757534577
21692,0.23539039273203952
21693,0.4150322936888601
21694,0.5314482337227017
21695,0.6014854973898154
21696,0.562182361612785
21697,0.3792916694287826
21698,0.8340853332120797
21699,0.01441557372763832
21700,0.8706177979152929
21701,0.7078014220003983
21702,0.43192960735368974
21703,0.3999390305625001
21704,0.295346424314747
21705,0.024982204588656395
21706,0.699691134912567
21707,0.6884445474922967
21708,0.7078909900044873
21709,0.8433908843187864
21710,0.44371955629994775
21711,0.05784165741881225
21712,0.6383031914475593
21713,0.5525066945192186
21714,0.7474563225535632
21715,0.02180591934365997
21716,0.014990611147832837
21717,0.03609633532707951
21718,0.4161297503051035
21719,0.6178328543138327
21720,0.5511392829797463
21721,0.03148760222455024
21722,0.42105451860685544
21723,0.7085581071048132
21724,0.014044202535089317
21725,0.027111515044622763
21726,0.8242443538857467
21727,0.019828605397713535
21728,0.053657928768090536
21729,0.024817207838164768
21730,0.015217479149349619
21731,0.47626950941543045
21732,0.014536446016857175
21733,0.8281836100708044
21734,0.01896007285520988
21735,0.6827021073945013
21736,0.06890166360382549
21737,0.7323008699978275
21738,0.01689052080899296
21739,0.4417478643718586
21740,0.012666617978787313
21741,0.9318381699391272
21742,0.6050677954143862
21743,0.012814572451227729
21744,0.7355113239234922
21745,0.22630400555878358
21746,0.5326833708880262
21747,0.026100429704269304
21748,0.25896663315879126
21749,0.8502744918838473
21750,0.6255889926351653
21751,0.0173309394784658
21752,0.013917493550046461
21753,0.01648619030471501
21754,0.9115686769922285
21755,0.5766501855651709
21756,0.6799290055158256
21757,0.7550100330014549
21758,0.7135232495881013
21759,0.9021343919059017
21760,0.028978873057778808
21761,0.03175685344891379
21762,0.8250670502220223
21763,0.9024104921687403
21764,0.023815236022571788
21765,0.7407365130348352
21766,0.11635008329628975
21767,0.5535027188133848
21768,0.34847391462153393
21769,0.01352791701651943
21770,0.01279648980222109
21771,0.6465463941355729
21772,0.08312410051388376
21773,0.888192450037829
21774,0.7564054897384426
21775,0.22651793002976434
21776,0.3638716131726493
21777,0.29152445057350057
21778,0.3209235087157895
21779,0.8496364768052757
21780,0.4688948317204724
21781,0.12485718368698688
21782,0.9170906965925525
21783,0.014518484785407201
21784,0.17307763917515726
21785,0.620330500490676
21786,0.5035221949455104
21787,0.3159774776903748
21788,0.7635182176328238
21789,0.09545914713463628
21790,0.571450357501982
21791,0.05990204582775817
21792,0.03825060953563951
21793,0.6286532055181688
21794,0.7512971548745706
21795,0.013733503968722858
21796,0.6127146009208433
21797,0.016757168112504068
21798,0.01509118984124165
21799,0.014254083053607172
21800,0.048567648619249934
21801,0.04699616408155772
21802,0.5684647291816807
21803,0.21391253157633233
21804,0.01707430316133646
21805,0.3949567783227113
21806,0.013711070570464801
21807,0.018172167365379247
21808,0.5228348965876294
21809,0.17107114116977823
21810,0.697082682444065
21811,0.7103510019210594
21812,0.5168176572121674
21813,0.8118177080496551
21814,0.8935915080706225
21815,0.4578142675614784
21816,0.8392513424413554
21817,0.7358657567720398
21818,0.012593503825525605
21819,0.6987227031793259
21820,0.6634443922653326
21821,0.7675222110084181
21822,0.43325862750413957
21823,0.4283816304269008
21824,0.014545865337479353
21825,0.01819505303214992
21826,0.013640504488540778
21827,0.819656186200813
21828,0.029079395056564136
21829,0.6197011256514554
21830,0.7644765038912229
21831,0.047817596839687844
21832,0.41556856444199947
21833,0.6324994306936655
21834,0.03440583250337651
21835,0.2529285255507677
21836,0.8028160014841538
21837,0.5315894937551349
21838,0.11776154062033654
21839,0.6812054001393132
21840,0.211965393741784
21841,0.01805212326222317
21842,0.85874480771751
21843,0.06575267752472842
21844,0.6320726214406313
21845,0.3151647917692649
21846,0.016450833113379332
21847,0.047520459408537774
21848,0.08601371153316756
21849,0.6898611052366147
21850,0.7199197637185885
21851,0.4912198864326823
21852,0.020146309660771685
21853,0.01231403269267305
21854,0.29705327497979583
21855,0.21401370259436245
21856,0.8587264460546741
21857,0.785856975802746
21858,0.6278386869054147
21859,0.16651062798299743
21860,0.01670176006342583
21861,0.44026316492463446
21862,0.02596204119899244
21863,0.01618201596971383
21864,0.8331396391893994
21865,0.4798942094491065
21866,0.3720564028461456
21867,0.01382987051717569
21868,0.015416526670203011
21869,0.49871691780800126
21870,0.058838843822846
21871,0.14238176074865244
21872,0.2212241224277202
21873,0.022076114271519332
21874,0.6267561242592373
21875,0.02628982680437952
21876,0.4356993146273373
21877,0.633229530771648
21878,0.015737153497983634
21879,0.015307451695240695
21880,0.015124181543340848
21881,0.5083930953014782
21882,0.5205094042293408
21883,0.7113525062495227
21884,0.012738664645400041
21885,0.021288589624464234
21886,0.8724745685143619
21887,0.014527259918360737
21888,0.3231973375269639
21889,0.5986689535365606
21890,0.39300312152256844
21891,0.8365108069369741
21892,0.015583853525541662
21893,0.033699859171738636
21894,0.3044562754820262
21895,0.5405253749097364
21896,0.9650967355311937
21897,0.11660883404822056
21898,0.12532449572544746
21899,0.26311589187166745
21900,0.021196828565087887
21901,0.026497440751703384
21902,0.7248590322120817
21903,0.4591575043754093
21904,0.7370064271641856
21905,0.5479272057592376
21906,0.019743343730811335
21907,0.04138174221854805
21908,0.35537699023153196
21909,0.5609386277953502
21910,0.012704382587119088
21911,0.26686835899365735
21912,0.012693096810619493
21913,0.012490882620798689
21914,0.549606601973859
21915,0.026032586693523586
21916,0.01556818761935898
21917,0.8548166620043292
21918,0.35648499957558044
21919,0.352932236537266
21920,0.6655606251661899
21921,0.04909148190070251
21922,0.017734945085050205
21923,0.2073336834788167
21924,0.7266849472780132
21925,0.07514201561070637
21926,0.02622027246914661
21927,0.6470954031105565
21928,0.4250919921709721
21929,0.9598576241811246
21930,0.017756937322981888
21931,0.49998832187312453
21932,0.016027806512602688
21933,0.017173400071309977
21934,0.017285270212781475
21935,0.14663816411962913
21936,0.8076400059623279
21937,0.012436872469845673
21938,0.47965112426787304
21939,0.017399854410520586
21940,0.7711471718883605
21941,0.33198443845694303
21942,0.1296222753701111
21943,0.7055469551275507
21944,0.012907589483622773
21945,0.9478215825262298
21946,0.5997465735634311
21947,0.1964720103350701
21948,0.024872350486472156
21949,0.713970000518349
21950,0.7284222433797317
21951,0.4960482744430765
21952,0.01804614284200446
21953,0.019268835350783196
21954,0.22772924325301336
21955,0.8001584745109924
21956,0.23858849353437792
21957,0.022394322400550042
21958,0.324788880442608
21959,0.012618248007459861
21960,0.0938856327471256
21961,0.21179485026129236
21962,0.014203824821338008
21963,0.015438065196402668
21964,0.3054203621296939
21965,0.03038290619334746
21966,0.7000074708694745
21967,0.5196568739836727
21968,0.2032631483827969
21969,0.03453708531042019
21970,0.8157397548998001
21971,0.8380381026234355
21972,0.629412036635752
21973,0.014515528036399447
21974,0.6796321420672644
21975,0.6182465964916187
21976,0.3368912442598358
21977,0.008417221148561286
21978,0.5714930628742155
21979,0.7606553031606519
21980,0.03851349852979981
21981,0.03295819402283289
21982,0.7238267540383468
21983,0.0809782937630239
21984,0.017951449088881265
21985,0.645123497191339
21986,0.02663685832286644
21987,0.041702950478646916
21988,0.7455538556576629
21989,0.7891369217269187
21990,0.4495826999023038
21991,0.01713244448004672
21992,0.6789733147890092
21993,0.12279726685992647
21994,0.8284829448821767
21995,0.20249344267212727
21996,0.4062558977513244
21997,0.024493551892295438
21998,0.573474884004346
21999,0.023819557836413065
22000,0.915450635587701
22001,0.28671476995831185
22002,0.027247888701050896
22003,0.7113842350905468
22004,0.5392903432906421
22005,0.8495369507626799
22006,0.7018813779292549
22007,0.013089323850054157
22008,0.25847155421435386
22009,0.027501795739214133
22010,0.026233599638005232
22011,0.013350974799581446
22012,0.028502110402561995
22013,0.020535044730109444
22014,0.8480974263148754
22015,0.033335224506324146
22016,0.016801615484339796
22017,0.011214433257297148
22018,0.5701353162361743
22019,0.014732885466688718
22020,0.812096169403304
22021,0.6998361446983004
22022,0.042414775171603664
22023,0.4151680886584382
22024,0.31043849961300873
22025,0.7601955256129109
22026,0.01744518880479428
22027,0.025306579152809174
22028,0.49820902583362886
22029,0.7575802148365022
22030,0.24555935216147232
22031,0.015446189381609186
22032,0.7812734102951674
22033,0.7769941833140688
22034,0.5109557116138331
22035,0.017016501158458555
22036,0.8020196918688044
22037,0.8710864790108547
22038,0.8495407714100791
22039,0.07927148876635849
22040,0.3365908532207486
22041,0.014720600927345413
22042,0.025446720276311258
22043,0.6431548218033176
22044,0.027101334138259593
22045,0.018867618296628832
22046,0.034706822432219835
22047,0.677403185266318
22048,0.7171643014238978
22049,0.4544736800134303
22050,0.48350812604072685
22051,0.03259916737411314
22052,0.4085865526663315
22053,0.038442298187283744
22054,0.05190915227233208
22055,0.46596350929814806
22056,0.019306877835513974
22057,0.6857887782118469
22058,0.6493484000267751
22059,0.4925307153909144
22060,0.8058093567587117
22061,0.35164671066560876
22062,0.7003288665098999
22063,0.8420205317286888
22064,0.6217413207616704
22065,0.39484615671972584
22066,0.022098073273713204
22067,0.019128448739138663
22068,0.5848319212076475
22069,0.02746579234513917
22070,0.8680434757302931
22071,0.43214269250116694
22072,0.5008516502680461
22073,0.024732130866544483
22074,0.018040537011483462
22075,0.015247512048938655
22076,0.012741035447941838
22077,0.8659389226416252
22078,0.6836346494320733
22079,0.6073685038791612
22080,0.5353486944796381
22081,0.4641817160394076
22082,0.54539356214315
22083,0.014905963135108898
22084,0.6668118920647569
22085,0.8240203009921312
22086,0.015778712112956055
22087,0.41500685234480517
22088,0.13031435615793163
22089,0.8064866042091111
22090,0.809686180063088
22091,0.018375935684986622
22092,0.5456341781323302
22093,0.2785369143978912
22094,0.8168097067067547
22095,0.5190474960020103
22096,0.08754044211880203
22097,0.03243752433131305
22098,0.42134724112913646
22099,0.17023572489502656
22100,0.5349634569593164
22101,0.545206779097091
22102,0.37240737643241995
22103,0.4821744865075584
22104,0.2362332932980116
22105,0.8415066857068607
22106,0.652398158050794
22107,0.08275826154301003
22108,0.8611294802975678
22109,0.2374288120135099
22110,0.8649772380210069
22111,0.4382707491416501
22112,0.8402460334814801
22113,0.04543820397873876
22114,0.7748238620215065
22115,0.9344789675394614
22116,0.014931123699933047
22117,0.9585711506797893
22118,0.46918668139274383
22119,0.48120493403100106
22120,0.9489096054174729
22121,0.031848561412348105
22122,0.3159710183657233
22123,0.8243514134272395
22124,0.020377603425930566
22125,0.01931517046809815
22126,0.7475197146597433
22127,0.2580354210307665
22128,0.721621932660646
22129,0.6634160827383099
22130,0.5217974345230754
22131,0.8122047332728863
22132,0.029827539199967328
22133,0.5685287805811909
22134,0.7297224217749766
22135,0.017388540290465954
22136,0.7052138342575253
22137,0.01763210040609321
22138,0.020368811554941472
22139,0.8884738872630285
22140,0.03846804006556613
22141,0.7038691397402081
22142,0.621400427120303
22143,0.02824427600574931
22144,0.05319961007091186
22145,0.10047235151913325
22146,0.3884555432197962
22147,0.4735233470931776
22148,0.03872553660801493
22149,0.8057361802317379
22150,0.1503570290643331
22151,0.8335341909253875
22152,0.8641841504367711
22153,0.014229195993148633
22154,0.031873521025788366
22155,0.30015433783996753
22156,0.02210713581154216
22157,0.29648338746419944
22158,0.018571279187529627
22159,0.036182451214548675
22160,0.7260381175276214
22161,0.4132086902817097
22162,0.3615010132067643
22163,0.013213230453547877
22164,0.02381971261882584
22165,0.6224845709996978
22166,0.16056936513419492
22167,0.2528272860191127
22168,0.5128698164687634
22169,0.018913721030581775
22170,0.015377073071918023
22171,0.6238039051490362
22172,0.5441551438763415
22173,0.011753600136201975
22174,0.012821047887732341
22175,0.5409010972366177
22176,0.013999195211850132
22177,0.6949981595078474
22178,0.3666411755058331
22179,0.9176923568035456
22180,0.8161681439526041
22181,0.01149815837521238
22182,0.013609493837115601
22183,0.023996196653910624
22184,0.39770752159021955
22185,0.5157506306922663
22186,0.022590023421453862
22187,0.131367834630028
22188,0.5464882707848525
22189,0.9462669165632555
22190,0.48150529121013175
22191,0.4027951898822205
22192,0.8616182621056064
22193,0.23941985332090573
22194,0.02991974910442256
22195,0.4587521986071416
22196,0.7797447191599344
22197,0.7899138670695861
22198,0.9543984819484561
22199,0.708353689971198
22200,0.0404257055319239
22201,0.8134176043105555
22202,0.027339013462818543
22203,0.014854431508571641
22204,0.8385000180675775
22205,0.9045583110568481
22206,0.028480122633270738
22207,0.02595974337328082
22208,0.7706352500032962
22209,0.5628063318859529
22210,0.7502769341936076
22211,0.026048312341479377
22212,0.019995438095232416
22213,0.012999808189723893
22214,0.013512893446363522
22215,0.6763963882447108
22216,0.023972077749249768
22217,0.8844279809797212
22218,0.025455288439839626
22219,0.8347129618458753
22220,0.027091082449876718
22221,0.016934343978381287
22222,0.24819859131265198
22223,0.17573133449783243
22224,0.7789673794149498
22225,0.4803557323334105
22226,0.03249697359262738
22227,0.05392511528204634
22228,0.05404120652834712
22229,0.013937481702519123
22230,0.5826529845038979
22231,0.09957396127049756
22232,0.03855805527596094
22233,0.015386265599745938
22234,0.026951169481116102
22235,0.5879601420591022
22236,0.7308396921999657
22237,0.014310333176679992
22238,0.013346836433708641
22239,0.01413898793621353
22240,0.8264842111400271
22241,0.8490674464105101
22242,0.04998583163117871
22243,0.8638451057914518
22244,0.8893232431198436
22245,0.6094759039251414
22246,0.7619648344222647
22247,0.02907213627943811
22248,0.8039945898156836
22249,0.019830400301946795
22250,0.015584715197966755
22251,0.4103501242386781
22252,0.7980001059394002
22253,0.09686232586257013
22254,0.7565660637915737
22255,0.5833816415899213
22256,0.8888112113457756
22257,0.02621802504975409
22258,0.013932741378619265
22259,0.027214915728465086
22260,0.8214041944300688
22261,0.0233664652888393
22262,0.6593201828023212
22263,0.01805505655198573
22264,0.0782228283973806
22265,0.21680901449260456
22266,0.7962286291893722
22267,0.6139819709090226
22268,0.04903446615110246
22269,0.018100509747312362
22270,0.44082571587667957
22271,0.6348309047968309
22272,0.16730225056972195
22273,0.027984926782998815
22274,0.24325806628127314
22275,0.014259172351754187
22276,0.011983757557680958
22277,0.5609712023521345
22278,0.32897669957956766
22279,0.021564726473330638
22280,0.020644100019611023
22281,0.021699391774234092
22282,0.40989833105897533
22283,0.3803747932850988
22284,0.067538629763038
22285,0.04730236674872984
22286,0.8385639254174719
22287,0.41311326890310646
22288,0.6822696896501419
22289,0.018362908656262545
22290,0.6486623573789668
22291,0.6372228850712449
22292,0.9482175912832133
22293,0.7423929645389412
22294,0.853208437072705
22295,0.4658932453040545
22296,0.8135681202817349
22297,0.03642591107300241
22298,0.36264829358446293
22299,0.253210935868314
22300,0.022540964741912566
22301,0.5865558200870618
22302,0.020157821305634583
22303,0.941840145231657
22304,0.7992014599347109
22305,0.5778621355279434
22306,0.3934591048368727
22307,0.5882079601213949
22308,0.5334113277763749
22309,0.48929554749439497
22310,0.6754307299039881
22311,0.2875624500685074
22312,0.31323810788264866
22313,0.7485548743276531
22314,0.013502170142117843
22315,0.8252855522246999
22316,0.013364545864976825
22317,0.051576071142825405
22318,0.060371337587206586
22319,0.686661001055461
22320,0.01885185631847288
22321,0.8990020275953222
22322,0.8248539907880473
22323,0.8362603669634215
22324,0.7044879751004107
22325,0.16967387134623313
22326,0.4592917342167591
22327,0.7022979329535554
22328,0.26162587332478837
22329,0.5879670011092727
22330,0.5983500853074039
22331,0.4302297122026619
22332,0.5206657265331842
22333,0.02107628014067258
22334,0.8080932316993501
22335,0.23024073250804664
22336,0.7022199271149573
22337,0.7032470020318065
22338,0.5070453958750749
22339,0.5687404528895633
22340,0.7299808888031857
22341,0.324386338071279
22342,0.10016819268420193
22343,0.6382928584775953
22344,0.4830813511008911
22345,0.5021508721371437
22346,0.8032142417602344
22347,0.02809631978379517
22348,0.30526432099723155
22349,0.017577941195362618
22350,0.7533398746762238
22351,0.8661285157235219
22352,0.6775618140410352
22353,0.023006340622037755
22354,0.6979578615385846
22355,0.7587216031151192
22356,0.02852136031261635
22357,0.206791914989662
22358,0.08767434454579495
22359,0.765063081069606
22360,0.01925272577940257
22361,0.013872385891937181
22362,0.01506833176076268
22363,0.27890152909654325
22364,0.6887105624662544
22365,0.6570167532257642
22366,0.7898917782021053
22367,0.6242920287044881
22368,0.01567591154644162
22369,0.020545943167517226
22370,0.053291030068062635
22371,0.7740223957577068
22372,0.5614832731535604
22373,0.05858429825819619
22374,0.7529577686738901
22375,0.03301786108430022
22376,0.013798731723976635
22377,0.015472208034817513
22378,0.01688165994629301
22379,0.24195072666346842
22380,0.704471151438862
22381,0.017921719660664335
22382,0.021064730264502743
22383,0.9067456988215178
22384,0.011864814697620062
22385,0.8988700293131273
22386,0.017998219684935753
22387,0.3794806148078493
22388,0.41075001160771696
22389,0.019685659732398855
22390,0.5984074386051937
22391,0.638901995471937
22392,0.7868256667258253
22393,0.4698321075916626
22394,0.6390626901432455
22395,0.5008683537836298
22396,0.7542608685374749
22397,0.02143266574545829
22398,0.45383416025010764
22399,0.07688279719296327
22400,0.35829924173689726
22401,0.6825585647695914
22402,0.25248744765127507
22403,0.6979114378754802
22404,0.0143409168992641
22405,0.1276656823645397
22406,0.10643339479722487
22407,0.01359401902224168
22408,0.749805919939086
22409,0.17411779333927882
22410,0.04442910800546023
22411,0.7784754647933592
22412,0.014664166333312051
22413,0.6589038582821883
22414,0.7601615147601866
22415,0.5298158553933747
22416,0.7696719860815591
22417,0.3481990748944636
22418,0.7182867704477555
22419,0.5119655736725941
22420,0.6574288431857247
22421,0.11561389877501257
22422,0.16337368344495393
22423,0.5867093390311556
22424,0.6875419648325559
22425,0.0339806640962508
22426,0.013610133928056536
22427,0.016511809658098613
22428,0.011569033064433132
22429,0.7037930178531531
22430,0.7783052254705263
22431,0.011395988681369764
22432,0.014218156868473927
22433,0.6829071347926716
22434,0.8227954902951214
22435,0.6420560372694792
22436,0.35085973444103796
22437,0.8536065460216502
22438,0.6680657921613752
22439,0.5923733353996912
22440,0.05634761723987396
22441,0.5597972528040388
22442,0.02688342535415606
22443,0.026450322372472444
22444,0.5971490492143754
22445,0.5681986806255183
22446,0.7608353203997104
22447,0.8108861074211059
22448,0.012660463127831912
22449,0.01647668358226823
22450,0.8986932387240233
22451,0.014577175795209587
22452,0.03827917818617229
22453,0.020151826185036553
22454,0.9079107478557106
22455,0.01696659695946339
22456,0.07763973770169694
22457,0.8761036481876833
22458,0.17751768774997864
22459,0.35540881295891547
22460,0.018132186773185212
22461,0.42857965012495325
22462,0.5882613681342819
22463,0.6804581295170774
22464,0.7219962957712129
22465,0.40594908933241414
22466,0.7160137296800979
22467,0.4077865346298747
22468,0.7794687025073072
22469,0.7854603911112703
22470,0.2897306384368427
22471,0.38207955230490215
22472,0.7528475917942126
22473,0.5696058471116779
22474,0.3133394360736294
22475,0.3526374464958198
22476,0.9199220083378826
22477,0.10738575698147323
22478,0.7339199895361609
22479,0.014480800741879985
22480,0.015009525807396173
22481,0.5764031772726802
22482,0.03101551482122041
22483,0.43835207474305676
22484,0.7884700934318505
22485,0.291953905533347
22486,0.042041533814644795
22487,0.7114990324994567
22488,0.012074513075640407
22489,0.646267293578474
22490,0.01864230848031842
22491,0.7447993419577398
22492,0.055205294270274166
22493,0.44037568593963705
22494,0.02894687512266471
22495,0.8045731780297712
22496,0.6217254248285051
22497,0.6596580407236937
22498,0.018705366948418373
22499,0.4451325538243667
22500,0.6578017189995186
22501,0.8642600882927884
22502,0.2736001507925071
22503,0.011583174475007995
22504,0.892175127964725
22505,0.724666882304252
22506,0.19901428301658564
22507,0.13464357628367601
22508,0.37258485080676074
22509,0.6755283976097679
22510,0.4421684653677699
22511,0.6347317107914111
22512,0.02305275787634421
22513,0.27524146289584867
22514,0.012267038798488809
22515,0.8308029649828284
22516,0.6996855203018324
22517,0.6555604151886946
22518,0.021633608632871004
22519,0.019845284266889338
22520,0.019781225059126207
22521,0.013194263424499893
22522,0.027815192162464555
22523,0.7111480792080059
22524,0.013782753859184203
22525,0.33465795989799546
22526,0.7614841759525997
22527,0.46255346473584846
22528,0.8453675173616443
22529,0.1271209105090241
22530,0.5498413080149777
22531,0.24264012761471854
22532,0.8153027064257297
22533,0.7333476576333677
22534,0.7833617673569485
22535,0.709800077264316
22536,0.06543229995268686
22537,0.6505498946701416
22538,0.5513834730795063
22539,0.4697676410290479
22540,0.20820902094644986
22541,0.08847070434201673
22542,0.8364141769408491
22543,0.8856415160965392
22544,0.027593001753313605
22545,0.011888660908547647
22546,0.020885256019351785
22547,0.21324592516803653
22548,0.46989276121828477
22549,0.013615101042431218
22550,0.5780745965401154
22551,0.7567722951660991
22552,0.4177246420500976
22553,0.022179886237653514
22554,0.510151286655913
22555,0.45825893553371605
22556,0.04100257572906921
22557,0.01475411518726844
22558,0.11454803008279187
22559,0.023074414708963795
22560,0.3097876640896698
22561,0.017199919985463424
22562,0.8132877771284169
22563,0.04399147347259274
22564,0.47236603294330964
22565,0.874119493577147
22566,0.05170131384979488
22567,0.6142856174615525
22568,0.3907802765035899
22569,0.8563844428187666
22570,0.037976618369152275
22571,0.6476080052165155
22572,0.6230085753635882
22573,0.02748379358701845
22574,0.5095274562446456
22575,0.013275092644959127
22576,0.7431628535804073
22577,0.7514597350680071
22578,0.2649115366104511
22579,0.3544589981070226
22580,0.6839309625881507
22581,0.9137786056537598
22582,0.6162786348615064
22583,0.03773183787202836
22584,0.528046226247265
22585,0.6944834912464102
22586,0.17861407322374853
22587,0.09350449522797068
22588,0.7147333242439927
22589,0.7513171964739898
22590,0.8326327199231913
22591,0.022701889503484354
22592,0.03292179432245964
22593,0.8071360108901118
22594,0.7960045660552599
22595,0.02083529273521537
22596,0.020522296493693245
22597,0.843457375577918
22598,0.6750751330407233
22599,0.8472842877432668
22600,0.7897979138426815
22601,0.6758836989280191
22602,0.02455408033530141
22603,0.6924198990008188
22604,0.11334383347178073
22605,0.014855016531596483
22606,0.7250126809738876
22607,0.02136334003290252
22608,0.014748229553521812
22609,0.8072869398260283
22610,0.01762328606850892
22611,0.027810015061239084
22612,0.023488392289143557
22613,0.015198303059661888
22614,0.013004739436961652
22615,0.4535060940117997
22616,0.018676589155284484
22617,0.6802097459228564
22618,0.5281629535904317
22619,0.6713576233238644
22620,0.03184457198947509
22621,0.8903870037013715
22622,0.02416395578293324
22623,0.5832106282402979
22624,0.37237990119195663
22625,0.8939984303748312
22626,0.3829820950229408
22627,0.8218883519556001
22628,0.12512893554759713
22629,0.4331270155191633
22630,0.04013080651381722
22631,0.3441995532355646
22632,0.08297896950019656
22633,0.3801796721794096
22634,0.6458684210920158
22635,0.42541925752423687
22636,0.19676388435793396
22637,0.9254153822312823
22638,0.5888359809326477
22639,0.03752137009744387
22640,0.7055060045639413
22641,0.9012103519880508
22642,0.8074074335937418
22643,0.39226376577353983
22644,0.014365143598801521
22645,0.0273869732370052
22646,0.5646926188185345
22647,0.026541736406729365
22648,0.7829925109815246
22649,0.1270197069252624
22650,0.06307266903798311
22651,0.03333333538269966
22652,0.5269879665022625
22653,0.6317250995001981
22654,0.015777502290978677
22655,0.7449949056264386
22656,0.5282385315570308
22657,0.016415920567007934
22658,0.014175532509906129
22659,0.016174877405543596
22660,0.04408473216205807
22661,0.047544174053531854
22662,0.9261765862383998
22663,0.8359238222398929
22664,0.03187865963683414
22665,0.7380023825710269
22666,0.017962172078369153
22667,0.0167335895440082
22668,0.8527915086197668
22669,0.591727171213429
22670,0.03275188853704124
22671,0.5925661637399892
22672,0.3750441292232845
22673,0.7686508556730595
22674,0.6351335173433842
22675,0.023951165847680474
22676,0.5153741944149827
22677,0.6061645146355266
22678,0.03151985661315622
22679,0.023482486185267788
22680,0.7621833656743492
22681,0.013446315900520712
22682,0.035642055667957924
22683,0.7959056297380614
22684,0.11021287363281201
22685,0.89999801461171
22686,0.02632382093994351
22687,0.04539031950398001
22688,0.014024852124821028
22689,0.8446228173508776
22690,0.033186849240100263
22691,0.01080505464792397
22692,0.6900225791135214
22693,0.7532358601749872
22694,0.6266874291156822
22695,0.3455335221530758
22696,0.695646754783699
22697,0.7494405256114662
22698,0.6008192169700641
22699,0.017110358700391064
22700,0.5503410945004339
22701,0.7256980454937287
22702,0.09001205978965039
22703,0.4169554407904565
22704,0.5622094368623362
22705,0.49786075410774494
22706,0.013782016750623512
22707,0.030184408623130005
22708,0.4671216627768151
22709,0.7499674662753528
22710,0.018952822311681945
22711,0.7994260484620207
22712,0.5578650314071645
22713,0.014818600032496031
22714,0.233796298244551
22715,0.02209819738829217
22716,0.8652328335278807
22717,0.01579302014233125
22718,0.013770719402168202
22719,0.8657624065132604
22720,0.02076340593350523
22721,0.02593109256819848
22722,0.39588190832253295
22723,0.07500372514834967
22724,0.499647280072079
22725,0.6581785778511494
22726,0.08418687611900678
22727,0.02319660601404549
22728,0.02929448319823891
22729,0.03261283871939855
22730,0.660214277931198
22731,0.7327558082788409
22732,0.023986844152255264
22733,0.7164599310262594
22734,0.01280267458678553
22735,0.7845207062966781
22736,0.022182142733313565
22737,0.6473484364871162
22738,0.07774694620229822
22739,0.014486055219471035
22740,0.8183043443476907
22741,0.6242562657044101
22742,0.8556381181240413
22743,0.016782740328909394
22744,0.03581297672629786
22745,0.012613457092209067
22746,0.04558089518266104
22747,0.02036857430999029
22748,0.28421029495500455
22749,0.07544746527877998
22750,0.6240948290503086
22751,0.016544488918278845
22752,0.8082500465963627
22753,0.7303690767127078
22754,0.014867723115800768
22755,0.634735459618825
22756,0.013242579432686948
22757,0.656536424478521
22758,0.050685395556661135
22759,0.8458561620521405
22760,0.39753264118706716
22761,0.012842623082578988
22762,0.020634373974356326
22763,0.027911346122951042
22764,0.025877751905700436
22765,0.6901538488670623
22766,0.41617322284457464
22767,0.02621726599170495
22768,0.05073669380506282
22769,0.8093021950462489
22770,0.7306801512787561
22771,0.038169282746521774
22772,0.23643038576104025
22773,0.6942864695765413
22774,0.5819985020072976
22775,0.5375008222706394
22776,0.013721192060757238
22777,0.01721429958685196
22778,0.8063236700970774
22779,0.5295084273889146
22780,0.8988852581424704
22781,0.02062283920316236
22782,0.7456695734990765
22783,0.2875689059845328
22784,0.820902374865343
22785,0.44256027274590237
22786,0.7711939995664704
22787,0.016830566032003526
22788,0.718729045748926
22789,0.37791167790633506
22790,0.05364168571088812
22791,0.013311201509496742
22792,0.6280403902365905
22793,0.02098077021080854
22794,0.01667680722884721
22795,0.3673692022827225
22796,0.021493156242789562
22797,0.013841959430045635
22798,0.012018919702135743
22799,0.013880806974892652
22800,0.01711695267058502
22801,0.9095880427149295
22802,0.2724682157597593
22803,0.8208205897618138
22804,0.10185866463758708
22805,0.788087031859506
22806,0.6466853020711596
22807,0.017132506525270184
22808,0.6996293759998854
22809,0.7829867486682667
22810,0.5496605616536236
22811,0.029455144392033866
22812,0.7981521767038647
22813,0.8388327861208424
22814,0.037326890613414085
22815,0.4979497740596576
22816,0.8696720590667756
22817,0.8267875190580602
22818,0.6467660691334441
22819,0.6068137307155518
22820,0.06238560890065395
22821,0.8521027150755809
22822,0.44505213406418553
22823,0.027992438185560065
22824,0.8540895701452214
22825,0.5465778569874736
22826,0.8565677273133071
22827,0.03419860708293761
22828,0.7489503856321439
22829,0.016290827224976108
22830,0.643253468967123
22831,0.7863129902916409
22832,0.18781380319861185
22833,0.6354026371111403
22834,0.7494500392124265
22835,0.4924951020165075
22836,0.016214390520424428
22837,0.8766519521345698
22838,0.033687093029921476
22839,0.3293506584078939
22840,0.5469685909059235
22841,0.27640607591891236
22842,0.21924901074938913
22843,0.6649971225177055
22844,0.6586752408588542
22845,0.7660208044260642
22846,0.2486928407881371
22847,0.012882633455244043
22848,0.7643420646560077
22849,0.8676310549677102
22850,0.7288185200054469
22851,0.036310840332748624
22852,0.5241649591955593
22853,0.06596023491077117
22854,0.16592060686369378
22855,0.6955779147248604
22856,0.4195400498214007
22857,0.2207564442488259
22858,0.0132711018225423
22859,0.7707289085887995
22860,0.8241151702775796
22861,0.016992273988114284
22862,0.017504729694507292
22863,0.05554966965637896
22864,0.014815633977651697
22865,0.7858400666896187
22866,0.8346154508425029
22867,0.5973955513266824
22868,0.4709171995149677
22869,0.04215757834404745
22870,0.021056988034169423
22871,0.022655361150569583
22872,0.018390366843315475
22873,0.7767717355335831
22874,0.039268256078800495
22875,0.01251212723645541
22876,0.01980681826585255
22877,0.5034369267809452
22878,0.43525731366788495
22879,0.014154743174571377
22880,0.5002064290590085
22881,0.5353293821181896
22882,0.5184228735504545
22883,0.12148908443401248
22884,0.6067764447391023
22885,0.013638027619561571
22886,0.04036669917291615
22887,0.016139061398354835
22888,0.7326924898341017
22889,0.7718187199747502
22890,0.020686231292336207
22891,0.021570891129531485
22892,0.8246586752325447
22893,0.5986804577447937
22894,0.016290013525882576
22895,0.7597511215542704
22896,0.018483043651298384
22897,0.3955125748289141
22898,0.027478848723022663
22899,0.023759410251713207
22900,0.040923266187409796
22901,0.03622015195450115
22902,0.05827381907525229
22903,0.8575256558543949
22904,0.5064617473706529
22905,0.014698337873913312
22906,0.5883760766260658
22907,0.25678897686475777
22908,0.032722759890919766
22909,0.04969465524408355
22910,0.42619389813585784
22911,0.42052290154614924
22912,0.44453278314157246
22913,0.6689128391509785
22914,0.5068085350403594
22915,0.7820342659268403
22916,0.013711904694364322
22917,0.2835070779343475
22918,0.01320434867465106
22919,0.8185972168707769
22920,0.02366663823777252
22921,0.5117056183542869
22922,0.02481723862910291
22923,0.8203865730596376
22924,0.632101034143995
22925,0.5666957610657222
22926,0.02915888906948798
22927,0.03734080247870259
22928,0.41573658150905907
22929,0.014279258139361302
22930,0.017215475653028525
22931,0.013840902904857845
22932,0.7450255921201079
22933,0.0643886745306421
22934,0.9039472746314103
22935,0.6522181594367805
22936,0.7003160907344879
22937,0.23068346783177518
22938,0.6425046616694422
22939,0.5701662483155125
22940,0.021963866507292696
22941,0.4934442497905921
22942,0.04586344787372274
22943,0.11488779945791273
22944,0.03700881396874278
22945,0.797480709657226
22946,0.03964509363434168
22947,0.26079233839109217
22948,0.02670195385600926
22949,0.019843641326453717
22950,0.7976353795086346
22951,0.015280731468807231
22952,0.0406972051865142
22953,0.6844824130845524
22954,0.27417391086226445
22955,0.5445990085508557
22956,0.012530578411257794
22957,0.8668167557374038
22958,0.5650629532476149
22959,0.797228059900373
22960,0.5893493812305017
22961,0.4919126849122364
22962,0.03756944424555424
22963,0.014230299425978586
22964,0.4611343740570257
22965,0.03316760014070989
22966,0.5916096734311242
22967,0.6282260570536528
22968,0.5611127480216469
22969,0.045479710100712785
22970,0.06385712644316217
22971,0.6810790459294466
22972,0.04865766578858065
22973,0.34417409810523
22974,0.11080789747329876
22975,0.020103164260607053
22976,0.012913000552271688
22977,0.0356443128961128
22978,0.7758536775894014
22979,0.7850056597588044
22980,0.32953965921441974
22981,0.732360660340436
22982,0.8747149205903242
22983,0.03105427939487851
22984,0.013912824881462596
22985,0.02712024567536894
22986,0.8396442316560527
22987,0.016288928953375494
22988,0.04834669977396943
22989,0.03216410673387941
22990,0.01680697465340095
22991,0.023027247674823826
22992,0.013944746156131222
22993,0.02030525606711078
22994,0.8396339684976003
22995,0.47809538913956057
22996,0.7555920928399388
22997,0.014161807240433007
22998,0.015522012395518295
22999,0.5079635996233681
23000,0.32198151788152507
23001,0.011657085876916193
23002,0.04728490989842005
23003,0.7676479376330326
23004,0.032082007780839326
23005,0.6955767142506385
23006,0.34644760372169925
23007,0.8344033803398264
23008,0.024058151084733564
23009,0.039429973471269614
23010,0.769897751562569
23011,0.5864691261835957
23012,0.022441664602737457
23013,0.4536118002725736
23014,0.7202690036297572
23015,0.5811771248729288
23016,0.6349416426830006
23017,0.9311226877677573
23018,0.5417980369907252
23019,0.9376288060338688
23020,0.8187739602977394
23021,0.016144830767809332
23022,0.8028994547413141
23023,0.06600795693302523
23024,0.4223249434084926
23025,0.02625699829079683
23026,0.018317553180244424
23027,0.04239502134075529
23028,0.7899477961532677
23029,0.8600945309284288
23030,0.020852317628348584
23031,0.22735785404550926
23032,0.041527468882287887
23033,0.018185024721680203
23034,0.12881864066942023
23035,0.4294789232053657
23036,0.019745319017785982
23037,0.01763339097396053
23038,0.713132667059908
23039,0.5786569001781706
23040,0.6004366838090958
23041,0.08978077144262354
23042,0.038013500259385165
23043,0.014886531846072418
23044,0.6452452309094682
23045,0.0182033369439079
23046,0.0147874490241311
23047,0.014368098993088059
23048,0.8782263126625492
23049,0.6160198578134871
23050,0.7651150672658366
23051,0.6372499744703211
23052,0.5971563993123948
23053,0.28448397116395635
23054,0.6406801290203348
23055,0.5064223505288353
23056,0.26919302777193693
23057,0.015015203712025846
23058,0.03649765377574006
23059,0.013668184961618465
23060,0.13355376245839395
23061,0.2886055984515069
23062,0.03165523938761133
23063,0.01591572725541973
23064,0.66398427572552
23065,0.04369732890654091
23066,0.7733619893763121
23067,0.48901502372204747
23068,0.377986173062164
23069,0.30073716162352077
23070,0.6939906585945437
23071,0.013056389377576473
23072,0.612421635433162
23073,0.6932102361596754
23074,0.14991057130822166
23075,0.5005666917974536
23076,0.018508102459680032
23077,0.022991853603404215
23078,0.3635965481676525
23079,0.6905025374455576
23080,0.11177071585951538
23081,0.01296609930452716
23082,0.021381763463524328
23083,0.014029027748351021
23084,0.603698380272426
23085,0.641730071870462
23086,0.43862615005954025
23087,0.688266962890979
23088,0.3193265778467668
23089,0.5964286745063414
23090,0.7497628179724428
23091,0.4575168974690205
23092,0.03635760154366012
23093,0.16028468398545823
23094,0.8008434173502229
23095,0.26951749967745725
23096,0.20514654536218377
23097,0.4525649784539555
23098,0.5684803896655686
23099,0.7245920659388339
23100,0.7961941843166848
23101,0.014950016004180076
23102,0.021630471086964
23103,0.013157289312628077
23104,0.083958281522302
23105,0.01570230851893402
23106,0.013833347321412705
23107,0.36008956176629947
23108,0.047700076275081424
23109,0.12547182101499993
23110,0.013396932304376517
23111,0.5335929568271863
23112,0.01177755549832133
23113,0.8909600976212784
23114,0.02983912642376616
23115,0.8676285369030301
23116,0.53539741475262
23117,0.05386323549931104
23118,0.7462560540778289
23119,0.13886806013253006
23120,0.40359387613765535
23121,0.8189203683934088
23122,0.019069421681953646
23123,0.6805806122197192
23124,0.8602603381886862
23125,0.4522447605167162
23126,0.5292985949657879
23127,0.5925925266569664
23128,0.7165588191470187
23129,0.053083243170500276
23130,0.05389112148868888
23131,0.7669759534179393
23132,0.02670008162381048
23133,0.018977576895050165
23134,0.4762427886311205
23135,0.5592386690474153
23136,0.729101007382946
23137,0.0134541122091254
23138,0.014773219866999008
23139,0.017691964288815972
23140,0.5384498327511158
23141,0.02419178839763381
23142,0.0128741408438377
23143,0.30256288041744317
23144,0.014151309013104681
23145,0.12526017319418467
23146,0.06771646513502014
23147,0.013619691844023982
23148,0.768390810777249
23149,0.2691202922817701
23150,0.806930514223428
23151,0.03384968076145868
23152,0.017772159486110176
23153,0.6568541305772718
23154,0.043291358073425455
23155,0.013436392338861305
23156,0.6981610415887937
23157,0.04453902482713637
23158,0.03582628961446312
23159,0.6183012795903339
23160,0.5382268069659136
23161,0.491053767715354
23162,0.3383909024497352
23163,0.8065440477258212
23164,0.3662316449385085
23165,0.8593167456646364
23166,0.7024877405836845
23167,0.7052353709931768
23168,0.03489481070149703
23169,0.2997106124428996
23170,0.8741251635862458
23171,0.01923109952270708
23172,0.49940376219753724
23173,0.6733814700450782
23174,0.011886431123930152
23175,0.018425603228212014
23176,0.023751239725900406
23177,0.5827727690389423
23178,0.9394264041705589
23179,0.6026053650839219
23180,0.5989136457936809
23181,0.7671210439257217
23182,0.6995642185905494
23183,0.020800083720938334
23184,0.07886447527062651
23185,0.025767654668967504
23186,0.40839084903580875
23187,0.40159092964966686
23188,0.018153219783184318
23189,0.7090991509322194
23190,0.7239379742711043
23191,0.048679582929481255
23192,0.5807293011986311
23193,0.7126591701037871
23194,0.6787804983229906
23195,0.3403378240301479
23196,0.41435481267051616
23197,0.01775078841674401
23198,0.19137863118861048
23199,0.372705138460639
23200,0.6965037053496902
23201,0.030359190147531842
23202,0.013751430754846937
23203,0.8727627284167643
23204,0.11332923820030107
23205,0.01880353265957676
23206,0.01773500799576657
23207,0.06700471538818153
23208,0.4647305559423304
23209,0.032633039640576574
23210,0.012658203349876869
23211,0.02593787399531156
23212,0.020010181361379473
23213,0.19517725154033477
23214,0.3657409876594026
23215,0.011806456456399463
23216,0.2977954245590174
23217,0.5049363229100331
23218,0.5586579840459236
23219,0.4697655576599711
23220,0.024982855472848293
23221,0.6361895265490094
23222,0.8470015125302827
23223,0.011997035017067512
23224,0.21744835627856002
23225,0.15993039499301537
23226,0.6074548522933025
23227,0.7502865451501161
23228,0.015306706942599974
23229,0.04164886650454257
23230,0.4193179904526542
23231,0.014347270780200011
23232,0.029147749918827865
23233,0.07345516605788738
23234,0.29257368448460647
23235,0.7816576017452256
23236,0.11322950909376739
23237,0.04135557895013316
23238,0.017517863447733203
23239,0.015200172020132156
23240,0.021321760910295365
23241,0.9180355095755197
23242,0.319517514502168
23243,0.015781968655112107
23244,0.2857819873225881
23245,0.01637812452212265
23246,0.7692641159360387
23247,0.01159313964967454
23248,0.37950675354766444
23249,0.4605529002288466
23250,0.7000937031919087
23251,0.805103662041337
23252,0.8302491810252586
23253,0.8920243911481337
23254,0.033316304699113695
23255,0.33694942927824684
23256,0.8270181597064935
23257,0.1009602153278554
23258,0.29264724834537165
23259,0.0150552122107543
23260,0.012325521472566832
23261,0.719011186032191
23262,0.8074263513644974
23263,0.021279448868262718
23264,0.6377680362220567
23265,0.022909141805520856
23266,0.6032071437883826
23267,0.6345094818295708
23268,0.027187393812794745
23269,0.6361865226161416
23270,0.04679534552189473
23271,0.5068194488851758
23272,0.056897657118864804
23273,0.013800576827826589
23274,0.8662183985955157
23275,0.7682413624506658
23276,0.7304493581820606
23277,0.7851913056574438
23278,0.037088803401402415
23279,0.05956583586729641
23280,0.07041003862606032
23281,0.49262831146368574
23282,0.44965515973483816
23283,0.6861395222954899
23284,0.0116442365882675
23285,0.027952997638811167
23286,0.6671176796246776
23287,0.022304894179155675
23288,0.014985994976542426
23289,0.020593084387100127
23290,0.015939176867756373
23291,0.7296404965660598
23292,0.05380922958714158
23293,0.05090899796108521
23294,0.8952784095140053
23295,0.7128672688851115
23296,0.10016262127985544
23297,0.4228601476077573
23298,0.6356381793500879
23299,0.05296670626558986
23300,0.022866944970815532
23301,0.5303427771155227
23302,0.1809321693253068
23303,0.7838694550834127
23304,0.015346955863615836
23305,0.5672656557305162
23306,0.2847707155654458
23307,0.7083951098265406
23308,0.013666858660212578
23309,0.4755668681660558
23310,0.870706269129334
23311,0.6551599910278456
23312,0.7994661036430184
23313,0.02131948427529955
23314,0.4112526080169071
23315,0.6389338986059279
23316,0.01916508102997001
23317,0.5370464141194571
23318,0.2699950346987228
23319,0.740939318503667
23320,0.6044450332777679
23321,0.5927132118042663
23322,0.6223719942015651
23323,0.013570315435743744
23324,0.7032573525902549
23325,0.8640426152626806
23326,0.15640366312457044
23327,0.47734202257009567
23328,0.7874943704512015
23329,0.01949518390628432
23330,0.012770933930147997
23331,0.6333014255673123
23332,0.028843738108344348
23333,0.6702976222695965
23334,0.6458480004628567
23335,0.44142216221884756
23336,0.5138439342429777
23337,0.4091545713645718
23338,0.013335761171273912
23339,0.16512620767050687
23340,0.6153142391108355
23341,0.31577704866388495
23342,0.6009192098657554
23343,0.03935671558978859
23344,0.041979071094408606
23345,0.03516386778160111
23346,0.3912337631731876
23347,0.016044100285399675
23348,0.0140942361722532
23349,0.9345233131308625
23350,0.6689309554292328
23351,0.848134325670043
23352,0.5193206803196764
23353,0.7724162221417761
23354,0.6104280630936317
23355,0.7170117476481681
23356,0.804030202807722
23357,0.6666239758623675
23358,0.36230060053868185
23359,0.10620871071604784
23360,0.5766268288465889
23361,0.043224313421360475
23362,0.7838493813873654
23363,0.7174660690097782
23364,0.6040196366462715
23365,0.011652752865569676
23366,0.423540352370502
23367,0.6754357522440082
23368,0.6386761089440289
23369,0.5279878859965893
23370,0.013629784190279035
23371,0.6812790491593116
23372,0.9142755684720959
23373,0.5960134923301158
23374,0.621674737557597
23375,0.7674991381157173
23376,0.041372711116295056
23377,0.02286827307299761
23378,0.6005351878801385
23379,0.015699901795172385
23380,0.02649620830341141
23381,0.01913717060226636
23382,0.8120367360622117
23383,0.8707646934803497
23384,0.7867942376604504
23385,0.2808815654284595
23386,0.22251036482828265
23387,0.26784417737420757
23388,0.018754172334564355
23389,0.42721309388452877
23390,0.012127060209050421
23391,0.0162956397903417
23392,0.7606378988785198
23393,0.5737800504980789
23394,0.2086391663182761
23395,0.1196219428598016
23396,0.23402122363360991
23397,0.6714961605900285
23398,0.8300685767248748
23399,0.9224439673658849
23400,0.6222699784001637
23401,0.7889369066502693
23402,0.016372946490424378
23403,0.687475844388201
23404,0.7513833934956199
23405,0.07974662505619495
23406,0.910169731428065
23407,0.17939500429581193
23408,0.7839226829624327
23409,0.7570162609258615
23410,0.29471113635874385
23411,0.020468179985229776
23412,0.07107411053406576
23413,0.015849978564883106
23414,0.01889325292893534
23415,0.7167577703018255
23416,0.4276760889813348
23417,0.07364436976351375
23418,0.7892919123617101
23419,0.7804563014742787
23420,0.027847036071448627
23421,0.6625869320143555
23422,0.7305458254256743
23423,0.8647461520708639
23424,0.0570732254006045
23425,0.03187825884891019
23426,0.41957683858975975
23427,0.07367014825738329
23428,0.014800068252929314
23429,0.5051310101690897
23430,0.7624726349092296
23431,0.04687675476685481
23432,0.019033475660442604
23433,0.5761684522036125
23434,0.36434205491908517
23435,0.7576100216568044
23436,0.7857611935739207
23437,0.42754758156374306
23438,0.19641190326394006
23439,0.7682965912260554
23440,0.06521926946135023
23441,0.7075902527489878
23442,0.6966981395022074
23443,0.6648188201470877
23444,0.8844089928519271
23445,0.7460542456549701
23446,0.016088757669542725
23447,0.024083185125087354
23448,0.02515793339682727
23449,0.02401761575592054
23450,0.3236421945304202
23451,0.7868848388233645
23452,0.1320301308261418
23453,0.9181256566229102
23454,0.5961417153797639
23455,0.2234145916060716
23456,0.0293071386831608
23457,0.6365352060117851
23458,0.5158341243798935
23459,0.8659784628529009
23460,0.10825957950409541
23461,0.06880571380094568
23462,0.06048678335441075
23463,0.01741401358358798
23464,0.8504831600830957
23465,0.8220191153200451
23466,0.4095383358032981
23467,0.9490005980263694
23468,0.4524231028567636
23469,0.2630477391253175
23470,0.02081740912715065
23471,0.8293820404307253
23472,0.04033708147209495
23473,0.30037124504832163
23474,0.06292794708230635
23475,0.36037541514692384
23476,0.012630464545661852
23477,0.011299105141615983
23478,0.016052991998797107
23479,0.02648931796879688
23480,0.594970795929263
23481,0.7741149471442206
23482,0.775659182820475
23483,0.6564602000906574
23484,0.034868377827726525
23485,0.5200565383438523
23486,0.6286003225029055
23487,0.3677675579253956
23488,0.4185746271046824
23489,0.8753372229430764
23490,0.4074759904611179
23491,0.8482857906700044
23492,0.30726543529689254
23493,0.7138936187370968
23494,0.8154101690426203
23495,0.8212926824637632
23496,0.7353403078812013
23497,0.021797992075827746
23498,0.017596987714346517
23499,0.4381909104052269
23500,0.8907002590762428
23501,0.5994391118636581
23502,0.7032400957236383
23503,0.018913345481031553
23504,0.2845762697313342
23505,0.6068731696303462
23506,0.015089969027318283
23507,0.7790080854684812
23508,0.885370537705924
23509,0.02073376613094621
23510,0.1413343598450043
23511,0.014458777129476115
23512,0.06369144237067333
23513,0.7074977161114944
23514,0.7993546167988211
23515,0.017988604569068735
23516,0.4157625309138228
23517,0.02779531626241826
23518,0.02674330563204117
23519,0.8726240342113606
23520,0.6674534089501488
23521,0.8708401247516538
23522,0.765629596261436
23523,0.4215452626521437
23524,0.8326823873174135
23525,0.8293652941530482
23526,0.4911708670517565
23527,0.02548937437672246
23528,0.741835066460181
23529,0.04551481952539905
23530,0.7882655967309864
23531,0.287250374034918
23532,0.37549191214915606
23533,0.6180732374996891
23534,0.7113123193291615
23535,0.022813563194266185
23536,0.5132801175531827
23537,0.8983708870900339
23538,0.6175196052486718
23539,0.0663424478159649
23540,0.5614906299819957
23541,0.6619495965356993
23542,0.7821525365506703
23543,0.6823854793984885
23544,0.777792349955815
23545,0.6129742856544281
23546,0.026290339772114264
23547,0.7387491715853006
23548,0.04246666513598208
23549,0.790255862756931
23550,0.4525983783687152
23551,0.01316105957448545
23552,0.3110199566947383
23553,0.3972184884491662
23554,0.6886247517757211
23555,0.7698205028018023
23556,0.7371127151835754
23557,0.6962696070890522
23558,0.6572851031484626
23559,0.1319882239876329
23560,0.650657091178043
23561,0.013343586790768962
23562,0.05086990917202228
23563,0.8586622817208208
23564,0.808972572819575
23565,0.42984561214502826
23566,0.016116469660459466
23567,0.3705678740728321
23568,0.03636375314330352
23569,0.02773911346769635
23570,0.43692927247579877
23571,0.5492415923153138
23572,0.3669158714443047
23573,0.03993924250111728
23574,0.015176522097434168
23575,0.013563574071877327
23576,0.8095616485202318
23577,0.8878782071375256
23578,0.015814703954072418
23579,0.08043526657134119
23580,0.018275439826588618
23581,0.41282676320123496
23582,0.02720801486772052
23583,0.03229407516695031
23584,0.31341725628590084
23585,0.7208119671105845
23586,0.6737933560613659
23587,0.03925715937911571
23588,0.4639403072251226
23589,0.6039094661901614
23590,0.7903445061983284
23591,0.017646943981827198
23592,0.5485613296472676
23593,0.02076715964138387
23594,0.19048802624794836
23595,0.018432021877765582
23596,0.07332819549270297
23597,0.4281186667739239
23598,0.013122211706308113
23599,0.2815780310124202
23600,0.014109818831693774
23601,0.019185180385087267
23602,0.6117205148927525
23603,0.7422853320201596
23604,0.08505290521197513
23605,0.522191371537747
23606,0.05504710710591942
23607,0.04297874016459628
23608,0.8050402618899088
23609,0.014797090558466003
23610,0.05068929828633655
23611,0.39638616833851564
23612,0.4545772189989827
23613,0.8200946987855314
23614,0.6981545843053799
23615,0.43524413646598215
23616,0.03170816361336093
23617,0.4160725556897255
23618,0.4795742643343592
23619,0.8386820896628193
23620,0.04424461454130243
23621,0.03220850862747815
23622,0.010369433437714431
23623,0.011657617142673347
23624,0.3630575942961066
23625,0.7195882102882065
23626,0.8803376668230996
23627,0.8109242852414588
23628,0.20404617326026261
23629,0.28966875336621867
23630,0.7190109500155722
23631,0.01595461054822584
23632,0.41981198416695015
23633,0.44597613393518454
23634,0.7706516772556603
23635,0.928844128383552
23636,0.8046727054860733
23637,0.27642396780261574
23638,0.7621715597267141
23639,0.08723447629539867
23640,0.017072054025941044
23641,0.641938652850992
23642,0.5535713425789658
23643,0.5975437475448823
23644,0.43002616228611323
23645,0.49627730557811833
23646,0.5071783849787428
23647,0.18075863166906356
23648,0.9169749315621566
23649,0.6070859891049034
23650,0.35576165454853037
23651,0.079934848441502
23652,0.9002343589403655
23653,0.021199022994493017
23654,0.5732534025295315
23655,0.36231915683484894
23656,0.01798401724539136
23657,0.3625076815107692
23658,0.764706837850941
23659,0.7797285086783355
23660,0.29033311375805293
23661,0.15780117018539686
23662,0.5232980323806795
23663,0.6641852187060246
23664,0.35750224764568794
23665,0.7315131973977854
23666,0.7992858203960779
23667,0.018273133479131468
23668,0.5024538467613161
23669,0.6712449969423288
23670,0.7850175707943692
23671,0.013197999015558801
23672,0.01716027030715197
23673,0.6490034958851214
23674,0.6258270710291823
23675,0.4194443641945144
23676,0.10399772086600527
23677,0.4472997251210249
23678,0.04115650771440239
23679,0.018669703202448897
23680,0.05004062457628312
23681,0.38386755278986995
23682,0.04970413775352615
23683,0.020161338709250312
23684,0.019793244884549303
23685,0.021501680629275148
23686,0.43792210655269576
23687,0.012339443991290848
23688,0.05808680075483042
23689,0.4917477734606063
23690,0.6591956791313122
23691,0.7784974798435143
23692,0.8142759017269086
23693,0.7842823063957404
23694,0.49178942468399545
23695,0.8506228613069516
23696,0.22416910451976732
23697,0.023234139193070248
23698,0.015024418584511801
23699,0.7868797030092795
23700,0.014335928732754445
23701,0.016621673948276645
23702,0.013906419293136981
23703,0.6500698103006087
23704,0.13566865465059885
23705,0.48867826412401055
23706,0.03131807377225277
23707,0.37370388439016056
23708,0.02162260208345782
23709,0.5630010385999592
23710,0.6774657711164473
23711,0.27268229380122433
23712,0.03243060833418782
23713,0.8223612563485752
23714,0.666378112137274
23715,0.014649769482597715
23716,0.019309229229338136
23717,0.02260975181750682
23718,0.7860557304860486
23719,0.3700191980906766
23720,0.6414715478376734
23721,0.0172280721448204
23722,0.016732220261154996
23723,0.18773694115530645
23724,0.5801860582041538
23725,0.019118337717303317
23726,0.8794645428271428
23727,0.026354548131898317
23728,0.5169318684617645
23729,0.6534364648640635
23730,0.8512270129986428
23731,0.7508615036957815
23732,0.610525081950741
23733,0.06091355808433882
23734,0.14135323267869912
23735,0.020286265600232507
23736,0.5397325520522893
23737,0.4755373262402122
23738,0.6767980932012652
23739,0.6599313535128616
23740,0.47908299791351605
23741,0.030236239888818447
23742,0.044545093187063484
23743,0.8357639439963161
23744,0.01228718711141699
23745,0.7352144579385846
23746,0.8597029938535943
23747,0.7365824642532546
23748,0.6438242238879824
23749,0.07206773565808443
23750,0.9103759828822603
23751,0.26744230216625364
23752,0.6179681616783343
23753,0.7213460067775278
23754,0.8380052952853668
23755,0.38184422198004814
23756,0.28314794353666056
23757,0.01649691213093351
23758,0.02091436088237939
23759,0.7890337906668321
23760,0.5425166493356935
23761,0.02863222007278362
23762,0.8401096155176648
23763,0.07440677356291192
23764,0.06574554394669886
23765,0.016530557160016217
23766,0.8151357439844532
23767,0.14799739518199578
23768,0.6840255510167359
23769,0.2805660269862609
23770,0.7564897557362854
23771,0.03647671148565894
23772,0.032224365501736095
23773,0.36086719271193995
23774,0.5797753264912023
23775,0.8842401901831818
23776,0.014838604010869038
23777,0.012987655581665713
23778,0.7287414507604367
23779,0.17609215061922281
23780,0.8858381681719752
23781,0.015913748070082445
23782,0.014818505661647956
23783,0.7817006463552261
23784,0.0944507524253474
23785,0.8136152471573548
23786,0.7272769724882048
23787,0.014907477503144842
23788,0.012931557429637136
23789,0.692551652585285
23790,0.6064252486263034
23791,0.5012276681276503
23792,0.03409728409070396
23793,0.011445289321739301
23794,0.14345230868633327
23795,0.7751442931355541
23796,0.42426539088926735
23797,0.06535499869294148
23798,0.021856973297722678
23799,0.013930992230089383
23800,0.2363583962261819
23801,0.015813605249011008
23802,0.5901134849617383
23803,0.013881439008932562
23804,0.6587200420278774
23805,0.48492595291957846
23806,0.7147680003864931
23807,0.6970860729909788
23808,0.6401384754934225
23809,0.10876028459927906
23810,0.17746899845235767
23811,0.6443814898525566
23812,0.44343768341567463
23813,0.6380545774097066
23814,0.01709171449806312
23815,0.026273828495003447
23816,0.755673125998171
23817,0.4905363833350487
23818,0.012431612520159625
23819,0.012686299980332221
23820,0.7429971393312667
23821,0.310307752411708
23822,0.04087544483041139
23823,0.8582911031329912
23824,0.6422912510422707
23825,0.01827684609751413
23826,0.03251181760971633
23827,0.6143781043901227
23828,0.1259442165750825
23829,0.8262604166028024
23830,0.9596687254565232
23831,0.5735575932155855
23832,0.07813053746477855
23833,0.20300864517203004
23834,0.05335473949186785
23835,0.6505541831496624
23836,0.27099273622942305
23837,0.7848087169202854
23838,0.5546957462029268
23839,0.023210457853059235
23840,0.1476870421829521
23841,0.022665880547420286
23842,0.10407133613605686
23843,0.014510250931851099
23844,0.6171460639092358
23845,0.01749859657621967
23846,0.017990399030230746
23847,0.07787296410339913
23848,0.839939272489016
23849,0.7220966039608493
23850,0.5691926084666992
23851,0.23297996808574267
23852,0.840829173781961
23853,0.7707816970877519
23854,0.4003983783199941
23855,0.7080579438862663
23856,0.6019317878888114
23857,0.8795118839115752
23858,0.0378364882308791
23859,0.2729459349683435
23860,0.7097636893298936
23861,0.6401808935251359
23862,0.43714678594707923
23863,0.6995904813066948
23864,0.49806600322505573
23865,0.7733036333818656
23866,0.012463014284270183
23867,0.7944792233017108
23868,0.522508642011343
23869,0.012331764129739848
23870,0.22550232932411665
23871,0.7131673478253036
23872,0.02534964668708062
23873,0.01914039280451602
23874,0.445621086272251
23875,0.6477600192226122
23876,0.1299259661331912
23877,0.14852089802912005
23878,0.893285999424912
23879,0.4000320205461347
23880,0.8827687079184481
23881,0.769264406761224
23882,0.05091333145787698
23883,0.010862506624914885
23884,0.7126909378047672
23885,0.6042020815182757
23886,0.8930695445508496
23887,0.01640786068750027
23888,0.7167563477659677
23889,0.01760738510121694
23890,0.38584921823115625
23891,0.0533698877484808
23892,0.8688200923865143
23893,0.02869416935879274
23894,0.6623458783004967
23895,0.9016398805737452
23896,0.6579884387715952
23897,0.014325340620642559
23898,0.6757491548472332
23899,0.016515431954768286
23900,0.03663452379089739
23901,0.678595777542623
23902,0.7949943394394099
23903,0.5444088865712289
23904,0.01305225855629394
23905,0.05422829615863021
23906,0.013057263865920408
23907,0.19397780968192008
23908,0.9168585531366141
23909,0.02743389775986658
23910,0.02838446920083073
23911,0.5109479408824531
23912,0.45819369029956725
23913,0.01771762235724992
23914,0.7788069151700268
23915,0.7340735145906963
23916,0.014893103270722572
23917,0.487814897783685
23918,0.8022987477457155
23919,0.21091118477351978
23920,0.6446548528660128
23921,0.5090537658278225
23922,0.6053005661260482
23923,0.40031342926349367
23924,0.7355473919322991
23925,0.011706298590729015
23926,0.7530155418557943
23927,0.0157631175253512
23928,0.02644488984852119
23929,0.022346706316833605
23930,0.4169223962655615
23931,0.019846861959377012
23932,0.8974259013073763
23933,0.1304667025634923
23934,0.2747823591938979
23935,0.013317789165609172
23936,0.2565454882594358
23937,0.907870243687666
23938,0.7370591073524385
23939,0.2703018405857252
23940,0.5176226901199453
23941,0.01890437576304882
23942,0.035403495164586234
23943,0.038408156704347426
23944,0.7816544120651867
23945,0.015650449432894682
23946,0.020001822242344324
23947,0.4711629293701909
23948,0.17775043664316142
23949,0.6902448455823379
23950,0.0761099784653121
23951,0.8548686463592707
23952,0.014529812186503637
23953,0.012832020307000005
23954,0.014888703064054997
23955,0.05445506397283948
23956,0.01631190555461446
23957,0.657485558012359
23958,0.09485572931541346
23959,0.7343410423867132
23960,0.12229945189433694
23961,0.020126192414816668
23962,0.02530759335050387
23963,0.23076935411427232
23964,0.7899403518075905
23965,0.01700485143781347
23966,0.022265276937418865
23967,0.015472121950674182
23968,0.8229868144383612
23969,0.03210909798990912
23970,0.8055406884018369
23971,0.025487632477925487
23972,0.7098898766873278
23973,0.03415137759618616
23974,0.03966789118630741
23975,0.018305200594374765
23976,0.10955781266466325
23977,0.5107854484279991
23978,0.015594868294838358
23979,0.24835189956234183
23980,0.4926517883950059
23981,0.017155639678360597
23982,0.8062032914950472
23983,0.6101810532366072
23984,0.5370116438426903
23985,0.15173180246610385
23986,0.5211143976189446
23987,0.35046284854249066
23988,0.2995993984642155
23989,0.0286892601517146
23990,0.8106067955431966
23991,0.6487861133882366
23992,0.5704453131894516
23993,0.043728221371580785
23994,0.47404967844646173
23995,0.8682456522460114
23996,0.04298941319598656
23997,0.15805978694718129
23998,0.5100829674085569
23999,0.012341407087975516
24000,0.5861518910523662
24001,0.797236119175488
24002,0.01725698924385731
24003,0.7949218823560845
24004,0.6235484169965149
24005,0.3678395711044539
24006,0.7847198579312493
24007,0.6131076557330536
24008,0.04832276324190783
24009,0.6969290946118133
24010,0.7916421190404092
24011,0.01470011088190215
24012,0.6175159602069527
24013,0.30898293969562085
24014,0.33791512623831593
24015,0.819813424782717
24016,0.04093440358549681
24017,0.02889915204710631
24018,0.8749582845100492
24019,0.3894658628480856
24020,0.16055968212261632
24021,0.34129519523867574
24022,0.4516170003854875
24023,0.6201531533446482
24024,0.014992713675405287
24025,0.03134763477136916
24026,0.011975772181024606
24027,0.8414265884548793
24028,0.6869177283574442
24029,0.7691995826167386
24030,0.7176754372215043
24031,0.6304240923547064
24032,0.7686813216122136
24033,0.1149113008443428
24034,0.041172815420418105
24035,0.49623882435853844
24036,0.016906061361758776
24037,0.041440036786921326
24038,0.7022194434455306
24039,0.7662552988857045
24040,0.04605851286946598
24041,0.018913338477689053
24042,0.01608741567922764
24043,0.016509806938770764
24044,0.6846479819114356
24045,0.2929961520550582
24046,0.7722276186530163
24047,0.8764163106286516
24048,0.5078931015504684
24049,0.015161162194355003
24050,0.09726689638281913
24051,0.016434950763556565
24052,0.5085670923924142
24053,0.04775762329822289
24054,0.5085519122171126
24055,0.40156560221123005
24056,0.3636696856199621
24057,0.41937049477250377
24058,0.49837274824192346
24059,0.025866663195884983
24060,0.6283912416355999
24061,0.22516735741520377
24062,0.05587874296538627
24063,0.7337456018877662
24064,0.598913277747173
24065,0.8535743320275868
24066,0.05393772154592272
24067,0.5209024554358682
24068,0.7657297351824232
24069,0.4790989962193937
24070,0.0193629457903904
24071,0.8078612187493192
24072,0.0328281419458042
24073,0.01712147777255291
24074,0.20655230095996838
24075,0.6251335723232117
24076,0.7517514422472026
24077,0.9041947068667993
24078,0.6310406206567273
24079,0.8063227601405746
24080,0.07175684389503442
24081,0.7665693043246992
24082,0.8876133771443768
24083,0.5108445678849655
24084,0.30908300659117605
24085,0.01581092284390907
24086,0.8572536403070115
24087,0.689247714725841
24088,0.6285228781372958
24089,0.12725723067321326
24090,0.5920990769729729
24091,0.8666720879544698
24092,0.015452258570512441
24093,0.1253361085864286
24094,0.2540366819740668
24095,0.5812954975972101
24096,0.765110025411421
24097,0.7971711315931255
24098,0.04658436036430945
24099,0.5180517343165937
24100,0.01538162705072171
24101,0.3808933541521008
24102,0.5864331703499157
24103,0.4396332327306333
24104,0.7090801875328441
24105,0.40997424236128904
24106,0.0152978182159357
24107,0.3171202231858761
24108,0.0169863299019149
24109,0.5665402970549557
24110,0.5659643968396927
24111,0.40435198046604126
24112,0.017720946421286906
24113,0.030144087784276956
24114,0.7562277793829073
24115,0.05562015340917332
24116,0.04597749367444804
24117,0.3865753113024981
24118,0.8542444684321803
24119,0.015498382821683029
24120,0.07834385496504277
24121,0.012386482940592441
24122,0.6216383456197138
24123,0.016815028072028382
24124,0.6281242655850433
24125,0.018070160668458873
24126,0.03275459247119162
24127,0.5049751822768634
24128,0.6180768688481406
24129,0.7323504228046056
24130,0.48606041355118396
24131,0.8579598445211283
24132,0.6562774005961488
24133,0.5671664084943304
24134,0.438636389182806
24135,0.6122649852815312
24136,0.8101422698347162
24137,0.037641182240723374
24138,0.03014292798143834
24139,0.02076615601105976
24140,0.07874761776294968
24141,0.549865070505717
24142,0.02387918717285055
24143,0.013015415499539927
24144,0.7746256754752824
24145,0.06509796223615315
24146,0.6719168424157198
24147,0.5372205454241215
24148,0.030624200805804608
24149,0.9143449311303763
24150,0.49952431911193973
24151,0.011439702972863397
24152,0.9224745938712129
24153,0.11113815392930076
24154,0.38019464080962895
24155,0.046399928740584094
24156,0.04435663589490845
24157,0.16533695010565885
24158,0.014232440722032145
24159,0.6186778936911025
24160,0.6133695541646896
24161,0.7814984026357094
24162,0.8804625245723278
24163,0.014182900499996806
24164,0.02906188026891452
24165,0.5024886002457017
24166,0.028221965586517895
24167,0.4054289977806296
24168,0.6133200660876343
24169,0.29035670879110853
24170,0.2853887569265022
24171,0.32682911368029466
24172,0.6121763302746717
24173,0.034221554711277885
24174,0.3912387715082348
24175,0.5316348085912315
24176,0.5717435039987236
24177,0.013789637493614709
24178,0.012484303312165641
24179,0.12604226082229475
24180,0.9179403548503516
24181,0.40553439291330395
24182,0.3432088842655095
24183,0.8292001590221424
24184,0.1086013288635322
24185,0.01704690270145607
24186,0.9140665677214681
24187,0.02482418567937119
24188,0.6203299106377953
24189,0.03913882892067858
24190,0.052648970666476114
24191,0.28876189614950976
24192,0.02599633811950102
24193,0.7139996196765213
24194,0.1481413364550758
24195,0.031082887575545774
24196,0.01677586072104792
24197,0.01624877525251385
24198,0.037185567753378355
24199,0.6386429303930888
24200,0.4936151419041622
24201,0.7064209095741991
24202,0.020060420883810735
24203,0.7384760717426188
24204,0.33272886007537245
24205,0.7388679730720737
24206,0.14877475766696058
24207,0.3793617998288093
24208,0.34655908097922705
24209,0.012016166468260576
24210,0.027713918706924228
24211,0.019872106373367917
24212,0.31370289562510356
24213,0.5823506130278607
24214,0.2651922970385717
24215,0.6458354170402442
24216,0.6298424943839889
24217,0.6347338323311021
24218,0.028228499447168928
24219,0.8132386984648453
24220,0.7115563713006436
24221,0.4266620922088356
24222,0.05324010780722272
24223,0.012961399329758264
24224,0.8896967583182749
24225,0.0268445859520213
24226,0.5876589701234082
24227,0.017802629456355024
24228,0.020208303919695168
24229,0.8317222443647644
24230,0.3017928811917097
24231,0.013988534823873683
24232,0.03248068459688128
24233,0.5014898165312954
24234,0.2986284597929743
24235,0.5675241686594844
24236,0.2707400555045265
24237,0.5631631762398933
24238,0.8453365825013393
24239,0.672709630957386
24240,0.01305225855629394
24241,0.1752935466812413
24242,0.8613803597286942
24243,0.7912911914681675
24244,0.6476149918136601
24245,0.1458161829091598
24246,0.2921422610753715
24247,0.3766934642791064
24248,0.013757268330167919
24249,0.03308493959801603
24250,0.28991469323864116
24251,0.8383209695609681
24252,0.053620488286029215
24253,0.04500081469309441
24254,0.4590312673673457
24255,0.11567667928958032
24256,0.5802938632451576
24257,0.3109227274465274
24258,0.5679001810681732
24259,0.4971970518139088
24260,0.05245566519380762
24261,0.023764144583912006
24262,0.33098944353371507
24263,0.013357661785896405
24264,0.06576827684406593
24265,0.024050370113501644
24266,0.012477902548031609
24267,0.653376172013947
24268,0.016002854959550433
24269,0.0834495336100021
24270,0.3964835247827969
24271,0.015369649147768324
24272,0.019755750134660143
24273,0.37257808193562425
24274,0.024149286059451356
24275,0.028494366132602648
24276,0.6475509925622597
24277,0.0401828299666747
24278,0.030198660870266254
24279,0.5875769697450666
24280,0.8101877920909095
24281,0.011104210346779114
24282,0.8858832720410118
24283,0.6246781165072606
24284,0.012477144715512119
24285,0.017211710469219054
24286,0.37175934190846616
24287,0.23005299812086968
24288,0.15893266469254436
24289,0.5467577800978862
24290,0.5360163001188166
24291,0.017789739603028817
24292,0.8671732994255894
24293,0.40298659258480807
24294,0.040857696500025346
24295,0.572504845772238
24296,0.3886714416522562
24297,0.01956843383244567
24298,0.7389968798109432
24299,0.43163806476345623
24300,0.02953191862704158
24301,0.022629587318742928
24302,0.8062766991302144
24303,0.02100470511118068
24304,0.017869673784457748
24305,0.29436292805365005
24306,0.5618637698350086
24307,0.1959965457767861
24308,0.015913560445305914
24309,0.024232970015808614
24310,0.034069121279821715
24311,0.2740718408136826
24312,0.35749649502994524
24313,0.4139295851306033
24314,0.9167467142561594
24315,0.8100933297287681
24316,0.797180472526322
24317,0.032010711173507206
24318,0.08705238573690244
24319,0.44742010726565584
24320,0.6820581280769188
24321,0.8174206716159701
24322,0.13600545147075732
24323,0.8432698530397796
24324,0.7420196371295402
24325,0.1681182322698856
24326,0.012097119373128401
24327,0.7697157968244395
24328,0.23397122256760294
24329,0.05057437716895946
24330,0.08879486588818299
24331,0.656681895384551
24332,0.5540348379901915
24333,0.44380970576948986
24334,0.024587568196526282
24335,0.011982981106006999
24336,0.5555726756320485
24337,0.6663496267939287
24338,0.016376085384647927
24339,0.49769941276478114
24340,0.014509756268778581
24341,0.8702332107271513
24342,0.41150872536359734
24343,0.0758583309491384
24344,0.6171269351583759
24345,0.5904577719354368
24346,0.03184490016641958
24347,0.8178852290625516
24348,0.06596285068480977
24349,0.10229115595664948
24350,0.04067521651505661
24351,0.01391289913899012
24352,0.6410898122592291
24353,0.1756139100645094
24354,0.012145782540138582
24355,0.8357605181165458
24356,0.6641365765633981
24357,0.7974001436474056
24358,0.4670376201900576
24359,0.013752258605553062
24360,0.8996391582148083
24361,0.8239917159830881
24362,0.4800178606939119
24363,0.73949327245317
24364,0.02701180298471549
24365,0.047057462741222404
24366,0.1660181774668867
24367,0.725621776125214
24368,0.03592226261992098
24369,0.16493951003883467
24370,0.8093196036339589
24371,0.7340525946609764
24372,0.9078343743158589
24373,0.7360356759873602
24374,0.8187390995965788
24375,0.8165692249096652
24376,0.01530324140866815
24377,0.04266026296534663
24378,0.019246554829777864
24379,0.02433424209875298
24380,0.350985598027836
24381,0.014785683135243786
24382,0.4738902664450937
24383,0.014308792778791535
24384,0.6341520018808803
24385,0.053599962518852524
24386,0.07602388532663291
24387,0.6986579909577454
24388,0.014543970326083696
24389,0.6617831675467392
24390,0.05899569415136693
24391,0.015704522443300523
24392,0.014310067082916409
24393,0.5219044731711373
24394,0.8392642195526513
24395,0.7950427524586753
24396,0.6311643211535222
24397,0.589730764482988
24398,0.022607929258626557
24399,0.5022126486388069
24400,0.5951881895422099
24401,0.029678119384016
24402,0.018803075520005912
24403,0.11140227020018124
24404,0.04803947616587967
24405,0.04989737760774738
24406,0.03095953765273159
24407,0.016066508562361546
24408,0.09649271858090765
24409,0.1376600444043474
24410,0.048367103849438965
24411,0.5529040451478336
24412,0.41103656664258575
24413,0.04786949992761076
24414,0.8328927141457753
24415,0.5321426420941868
24416,0.03626868983533668
24417,0.017927327000804946
24418,0.7507322679328907
24419,0.7475258084617178
24420,0.1148662922018659
24421,0.2876974583448934
24422,0.7374173064009202
24423,0.11988061653831845
24424,0.200721317567627
24425,0.8404270512856054
24426,0.8055637922013398
24427,0.022662919942635494
24428,0.020389714891648886
24429,0.6046595672402288
24430,0.5652391952660246
24431,0.5083598088361032
24432,0.3897347525225675
24433,0.013922320205855326
24434,0.013280373593767577
24435,0.01658651334435937
24436,0.01619696076419307
24437,0.47665895775667116
24438,0.021589138391075766
24439,0.7640338918137443
24440,0.8112895208533849
24441,0.549355829040286
24442,0.015317402017619025
24443,0.7351735439045842
24444,0.013343776308659926
24445,0.046275192803140366
24446,0.8405272328833501
24447,0.6088701807236753
24448,0.8344400038505381
24449,0.09404529337164758
24450,0.014690996401119115
24451,0.770681758849271
24452,0.1722944687236295
24453,0.3443219734614504
24454,0.48108520782804665
24455,0.034787496684242906
24456,0.016241700703981073
24457,0.010938370174961631
24458,0.030979920834040664
24459,0.6492432727870379
24460,0.8538537285053328
24461,0.03668345572022391
24462,0.08386347277996126
24463,0.874292808570916
24464,0.061082999284413526
24465,0.8217146377054729
24466,0.04204971124537981
24467,0.5735453861416744
24468,0.31980666273775427
24469,0.48674919087500723
24470,0.7809040489448064
24471,0.5179281979635587
24472,0.5479905209641404
24473,0.2381661967094789
24474,0.7274313020475949
24475,0.5782884813345218
24476,0.7071307113303514
24477,0.7883715776892591
24478,0.015014842668707592
24479,0.015988886452993747
24480,0.03727515785668059
24481,0.02187802661811538
24482,0.019072100721916653
24483,0.3227599889045515
24484,0.6892321454696234
24485,0.7893254345475034
24486,0.013164683805670523
24487,0.7432497297206521
24488,0.6930394587734853
24489,0.014122391357996186
24490,0.3700375813529379
24491,0.16935908153335824
24492,0.1216186949306843
24493,0.01661362405265278
24494,0.7033008417066114
24495,0.4771231898799271
24496,0.018892265299236256
24497,0.071791863534574
24498,0.6428102287888315
24499,0.2850806664536103
24500,0.021781081815218286
24501,0.012547274885126658
24502,0.7596733550235649
24503,0.8778682474647801
24504,0.7402415587373813
24505,0.018142205410211786
24506,0.03473276318748242
24507,0.04624934476335285
24508,0.7693800059921893
24509,0.7015152067007192
24510,0.02136122057575615
24511,0.013396156290402956
24512,0.03421668963745225
24513,0.5499132584683677
24514,0.19160212355597908
24515,0.7855258084151905
24516,0.01266588295703371
24517,0.030891560568458355
24518,0.8770012058850046
24519,0.7255781440679261
24520,0.016997800491651886
24521,0.741064740757585
24522,0.718871044751976
24523,0.8956526604679893
24524,0.8254410399088039
24525,0.021761690121884232
24526,0.7716308265908611
24527,0.026532979080601014
24528,0.27342132823549004
24529,0.7202944617299291
24530,0.8289739217774243
24531,0.0774789865661671
24532,0.3971294094978692
24533,0.6143565344299863
24534,0.8616621641888832
24535,0.014748976752551745
24536,0.6477252066646877
24537,0.8997878211667812
24538,0.06407626581541434
24539,0.042846799475851426
24540,0.037436942050491855
24541,0.5670106563512423
24542,0.014561837366998188
24543,0.2701351846373597
24544,0.01601340079807155
24545,0.8356382098592491
24546,0.4988130059694952
24547,0.5359757860934885
24548,0.5915981658247229
24549,0.03677899576594749
24550,0.014794598404603548
24551,0.02721988252674501
24552,0.6821572440393309
24553,0.017370443012481685
24554,0.020230028999396077
24555,0.608346050543516
24556,0.020922877267839275
24557,0.6282071228895466
24558,0.028117084074229772
24559,0.08741277952917835
24560,0.04414365342544505
24561,0.7671715770067333
24562,0.36762513126491553
24563,0.4383380938026854
24564,0.8919291498044906
24565,0.5808642907654543
24566,0.02815676253185441
24567,0.01743464061911897
24568,0.5896854726474606
24569,0.8672265497635396
24570,0.05427126013978298
24571,0.1849013186725297
24572,0.16370936461773203
24573,0.5363233634619093
24574,0.6831486477741038
24575,0.03392899681361588
24576,0.3525988432654493
24577,0.8516073966565216
24578,0.01904230122830474
24579,0.014786210268525113
24580,0.6543934875653765
24581,0.04556264081513275
24582,0.7541379806169854
24583,0.8439765009839351
24584,0.12401699816153063
24585,0.5060097849239246
24586,0.3394207812546801
24587,0.016268761552143445
24588,0.8327872050722015
24589,0.6396077476189906
24590,0.7892278930531772
24591,0.37880606834384933
24592,0.032647734720438915
24593,0.6643639128383108
24594,0.9109273539770262
24595,0.01301337145360736
24596,0.012300337467769696
24597,0.026473835186173855
24598,0.016798943411750436
24599,0.661531365441375
24600,0.20213616276007992
24601,0.01626595895935648
24602,0.015006340805346206
24603,0.584009568670056
24604,0.39181960119068415
24605,0.9212204462290831
24606,0.032568026414629477
24607,0.6032833173235735
24608,0.7128457134546382
24609,0.48944644042912727
24610,0.5811570626526533
24611,0.07786026377327175
24612,0.5094428701143544
24613,0.6943962051421869
24614,0.8439892906035579
24615,0.010695058565299535
24616,0.5897239903844747
24617,0.7009106851173907
24618,0.6232494845230598
24619,0.0244444792952445
24620,0.7186194176717682
24621,0.5884291198531229
24622,0.019192645640712273
24623,0.03943584388031389
24624,0.02897191615901405
24625,0.6520658239436118
24626,0.01294588486422009
24627,0.08401142743279581
24628,0.06466369321570711
24629,0.02326526666667987
24630,0.28220939974939385
24631,0.586236731782622
24632,0.8084743386353231
24633,0.8231434018937277
24634,0.5034916280904826
24635,0.21189854694013896
24636,0.8030712755513468
24637,0.7438917358745482
24638,0.7593066376607361
24639,0.3718311200430991
24640,0.04065031595332391
24641,0.48218327957621393
24642,0.01613185362121831
24643,0.021920670275637745
24644,0.1863181880006908
24645,0.6374232913742762
24646,0.11352844352728758
24647,0.872163845886353
24648,0.785923608654076
24649,0.015354558509178107
24650,0.6667723880094127
24651,0.7072380747666904
24652,0.030043056562851767
24653,0.731692835075618
24654,0.4935095020611686
24655,0.09688107780970975
24656,0.18266792622776395
24657,0.0490048301783847
24658,0.04288863654986076
24659,0.611922588542024
24660,0.6086611453788522
24661,0.6991349769654327
24662,0.9308618410818339
24663,0.3118612666043526
24664,0.01854362256151946
24665,0.8505256070676708
24666,0.43310305530196636
24667,0.3283525029660656
24668,0.04908711705113457
24669,0.1456224822901453
24670,0.7185838358051949
24671,0.030995055062264815
24672,0.028847600495819872
24673,0.855660315462133
24674,0.015631940579514732
24675,0.6817815124442277
24676,0.1709510718911746
24677,0.5865846978141674
24678,0.12637326950347633
24679,0.014555311794878725
24680,0.7676902563604711
24681,0.8557775582822782
24682,0.027254611342446146
24683,0.736234055697284
24684,0.015781228280788817
24685,0.35795310565799
24686,0.1488385567623204
24687,0.027297997971387034
24688,0.5116410381549263
24689,0.763067571913882
24690,0.802077038672007
24691,0.014207157628938507
24692,0.39613842007341643
24693,0.19830990373322827
24694,0.016309622851791345
24695,0.022739323329944525
24696,0.6144640862450468
24697,0.9012619631280779
24698,0.01250372750195449
24699,0.02208524431943624
24700,0.269762324911999
24701,0.029755065293692613
24702,0.024763849496541986
24703,0.012314883849769583
24704,0.018300458971448972
24705,0.9024655038422481
24706,0.030008582106777208
24707,0.017229069934450378
24708,0.012858991018902222
24709,0.014887068504442564
24710,0.3790604852508781
24711,0.7441471052014514
24712,0.01188773619406315
24713,0.7332827203212936
24714,0.01749764639836415
24715,0.021598206128764154
24716,0.06242128248630672
24717,0.02347508113960107
24718,0.7885636076980266
24719,0.6964083505777865
24720,0.1438368334737609
24721,0.024961395613505508
24722,0.7080403680995829
24723,0.6792395225479421
24724,0.060969257677074916
24725,0.7263545981750821
24726,0.046231489676982124
24727,0.016432298052296405
24728,0.016661947421754923
24729,0.020668659816178755
24730,0.020699280631135023
24731,0.6337446066313709
24732,0.3183087811831066
24733,0.27126099030353223
24734,0.26022269099238576
24735,0.013519561676508743
24736,0.02757428789146753
24737,0.6677245343368543
24738,0.3280824630721662
24739,0.023835961675583005
24740,0.6069229067853427
24741,0.7251560246880602
24742,0.0651276412318431
24743,0.8094164808623426
24744,0.0232646817485507
24745,0.8315941605867033
24746,0.01586343379364165
24747,0.01571714655313746
24748,0.2676157259716859
24749,0.47669777973557664
24750,0.0236324922251882
24751,0.5471006970268563
24752,0.015543981915308586
24753,0.03344265313514452
24754,0.7718512615960498
24755,0.8661938437407093
24756,0.3868288538104482
24757,0.018195383631299036
24758,0.012068742613063994
24759,0.8795922511107813
24760,0.767781964656315
24761,0.022351389759332138
24762,0.06281210786309752
24763,0.7005757143605541
24764,0.07598775783508169
24765,0.5332552230766369
24766,0.015132829113587537
24767,0.8062969630831162
24768,0.03582528969408809
24769,0.8316918106445881
24770,0.018023064132203725
24771,0.53729327692953
24772,0.03099969379787201
24773,0.34261571670698215
24774,0.037160478076580586
24775,0.020475292497782765
24776,0.8766111615531443
24777,0.04450592309609489
24778,0.021165426672524686
24779,0.012864715043783084
24780,0.7472230093831451
24781,0.02142338054229879
24782,0.013508269032393098
24783,0.5471360900141478
24784,0.012359756615310922
24785,0.024678446780167337
24786,0.6909536868472654
24787,0.026319227366165904
24788,0.3852133514457309
24789,0.6419622538301982
24790,0.27729049249031784
24791,0.01780105185069755
24792,0.04141360556052434
24793,0.02147176940947744
24794,0.1460646309076755
24795,0.25310873401921496
24796,0.19834421579761258
24797,0.022236843166600982
24798,0.8530488577398143
24799,0.2991152026145296
24800,0.6825201873142532
24801,0.03841918072213576
24802,0.5674619372328666
24803,0.0646591644735344
24804,0.6767765662403732
24805,0.8408136173771819
24806,0.01631838781474522
24807,0.6104215549627857
24808,0.05503427829427432
24809,0.38065391688885764
24810,0.012358804717641057
24811,0.057052979975606745
24812,0.5977499265492153
24813,0.6728436788613178
24814,0.40776600252809553
24815,0.5991648957191055
24816,0.4196402284156025
24817,0.8479679516626397
24818,0.018806656122046014
24819,0.09009853711525513
24820,0.2766065866312693
24821,0.01279255705537254
24822,0.33010312344275
24823,0.924948688912761
24824,0.7039685981858521
24825,0.475211426147744
24826,0.033904102789015594
24827,0.02926569596173778
24828,0.050483212711367874
24829,0.025332204838140575
24830,0.025334455240391365
24831,0.6231254092979034
24832,0.7473532039591869
24833,0.253967326546622
24834,0.9228839351855509
24835,0.8575552684313221
24836,0.6798307450457562
24837,0.012616531321453057
24838,0.019746497858267854
24839,0.298135263474699
24840,0.26087994649339286
24841,0.49858017947135963
24842,0.026946479492107375
24843,0.7859643358364932
24844,0.3454775987876463
24845,0.029218278607006615
24846,0.7204539834635038
24847,0.5853522556815983
24848,0.01918226826197127
24849,0.7593905909072622
24850,0.6897023025347554
24851,0.01638857634443749
24852,0.040031813618927076
24853,0.1785889238582258
24854,0.017470552302926483
24855,0.12980709373727564
24856,0.7382493447861249
24857,0.016545309701915558
24858,0.41464967421489735
24859,0.38029750852131
24860,0.8079835079734394
24861,0.37409208575699876
24862,0.7928184226220384
24863,0.7912034640222806
24864,0.014358265827293017
24865,0.014354149891632846
24866,0.5130922714680641
24867,0.013582924631303566
24868,0.03212671026010253
24869,0.042905400384246575
24870,0.08821505382061227
24871,0.018692557028024165
24872,0.32753242132099425
24873,0.23235297494378476
24874,0.03625072902396015
24875,0.168956444861696
24876,0.3759396798300557
24877,0.783668748264485
24878,0.7246737490078903
24879,0.019936977198523033
24880,0.03285286091312702
24881,0.8123398842958277
24882,0.038495697940074146
24883,0.015281225010982108
24884,0.024036533907209653
24885,0.4497378503677816
24886,0.3261859543417123
24887,0.03963809833072404
24888,0.025349599547528516
24889,0.49116940395974956
24890,0.8986940460513615
24891,0.7927022718669824
24892,0.7183558684507405
24893,0.6645513303691253
24894,0.25376539194080844
24895,0.48479400995108346
24896,0.6981452567916887
24897,0.8725256637182053
24898,0.8472216836143202
24899,0.6938073184825874
24900,0.33086342505580746
24901,0.028910348598916998
24902,0.6648445473536118
24903,0.02756954826229778
24904,0.7078222581902649
24905,0.5430303518465973
24906,0.07731160025579512
24907,0.036422487669774684
24908,0.7162907499834608
24909,0.025584887802585523
24910,0.7123658960416278
24911,0.06648050242108611
24912,0.3912169869833114
24913,0.7356414715710287
24914,0.6929717896323723
24915,0.02787604526719145
24916,0.5184472155478597
24917,0.01707362402490913
24918,0.670789915410791
24919,0.015150248626491235
24920,0.5528628909484341
24921,0.46316106901410287
24922,0.5550927361552971
24923,0.33344368607157426
24924,0.8304468705903265
24925,0.05386667838796425
24926,0.5393635146772157
24927,0.016466595643309722
24928,0.0387540933492866
24929,0.053090467887226746
24930,0.24353190083614115
24931,0.016829231658236337
24932,0.5608379966685694
24933,0.904331871825461
24934,0.09851246478428677
24935,0.25527918221645496
24936,0.017870158150200266
24937,0.7595688544695345
24938,0.40639910963992587
24939,0.08551501534572048
24940,0.023581593977192988
24941,0.20453803653886984
24942,0.024917152606525193
24943,0.17992969222704022
24944,0.6488434569059306
24945,0.014620657476087097
24946,0.6592258350058454
24947,0.053051293696993275
24948,0.03085867238168818
24949,0.6244189710637473
24950,0.5076688430235335
24951,0.8183987145144946
24952,0.6909939095393677
24953,0.27558015164059396
24954,0.3981952700426539
24955,0.5749178099093539
24956,0.16444198492729653
24957,0.14628959680256348
24958,0.7035162512070879
24959,0.014675866574037796
24960,0.014355643989257276
24961,0.07372983266563506
24962,0.24975198600456042
24963,0.5639731128969004
24964,0.750219042376011
24965,0.012820885725407792
24966,0.017974470414760486
24967,0.11908989988888649
24968,0.024559936354144763
24969,0.8193857463126152
24970,0.6762457582465389
24971,0.0915862413559937
24972,0.5491167944534671
24973,0.25553200145666394
24974,0.0161431722635482
24975,0.2586210985981109
24976,0.01663577093967942
24977,0.8872654558258133
24978,0.038334899744644345
24979,0.013988440372576976
24980,0.7438770359157406
24981,0.4124095148361337
24982,0.03764459760556333
24983,0.6869000685742658
24984,0.48031228161581224
24985,0.3316909591013051
24986,0.03573882337561393
24987,0.7195169506425866
24988,0.8210654328819946
24989,0.5315850265437418
24990,0.29632810007670024
24991,0.013869516527577327
24992,0.04287272110951807
24993,0.9062125069637421
24994,0.05574654011478358
24995,0.012219196663466068
24996,0.22040893405615106
24997,0.02852582667255687
24998,0.03990856503898633
24999,0.02563085767358106
